FileName,width,height,encoder,encQuality,bpp,encTimeSeconds,ssimulacra2
SenkoFox.png,1024,1024,guetzli,84,1.45499420166015625000,86.568,77.56820685
SenkoFox.png,1024,1024,guetzli,88,1.72087097167968750000,89.296,80.58779006
Laputa_Castle_In_The_Sky_BD_JP_2014_Remux.png,1920,1080,guetzli,84,1.16468364197530864197,143.682,79.92462119
Laputa_Castle_In_The_Sky_BD_JP_2014_Remux.png,1920,1080,guetzli,88,1.43626543209876543209,151.058,83.42738014
GenshinImpact-Halloween.png,2000,1125,guetzli,84,1.49771733333333333333,195.755,75.65663893
GenshinImpact-Halloween.png,2000,1125,guetzli,88,1.82956444444444444444,212.049,79.20581968
GenshinImpact-Halloween.png,2000,1125,guetzli,92,2.38274133333333333333,255.333,82.97270052
konosuba-megumin1.png,1240,1754,guetzli,84,3.70504652959134880641,281.410,78.33990680
konosuba-megumin1.png,1240,1754,guetzli,88,4.28513627836833780851,307.719,80.87234311
Laputa_Castle_In_The_Sky_BD_JP_2014_Remux.png,1920,1080,guetzli,92,1.91942515432098765432,175.081,87.00937260
SenkoFox.png,1024,1024,guetzli,92,2.23607635498046875000,103.544,84.42360903
GenshinImpact-Halloween.png,2000,1125,guetzli,96,3.81233777777777777777,333.437,87.51603192
SenkoFox.png,1024,1024,guetzli,96,3.51696777343750000000,148.797,88.82877007
Laputa_Castle_In_The_Sky_BD_JP_2014_Remux.png,1920,1080,guetzli,96,2.85100694444444444444,328.884,90.80474319
konosuba-megumin1.png,1240,1754,guetzli,92,5.41126641409497186155,349.887,83.94717936
LOZLA_Wallpaper_A_[3840x2160].png,3840,2160,guetzli,84,1.51736111111111111111,785.612,75.75681646
PXL_20240315_171208655.png,2252,3004,guetzli,84,1.98972713705586157473,805.375,73.18650880
Nikon-D3500-Shotkit.png,3004,2004,guetzli,84,2.80246298348708707750,912.675,69.03394693
PXL_20240315_171208655.png,2252,3004,guetzli,88,2.41727903352072902204,920.099,77.20005863
Nikon-D3500-Shotkit.png,3004,2004,guetzli,88,3.33466090455573540003,974.657,73.39724525
LOZLA_Wallpaper_A_[3840x2160].png,3840,2160,guetzli,88,1.82613136574074074074,847.699,78.99292233
LOZLA_Wallpaper_A_[3840x2160].png,3840,2160,guetzli,92,2.51298707561728395061,1106.773,83.12139583
GenshinImpact-Halloween.png,2000,1125,mozjpeg,10,.15530666666666666666,0.304,-19.65332264
Nikon-D3500-Shotkit.png,3004,2004,guetzli,92,4.18209253928893212243,1025.143,80.02426398
Laputa_Castle_In_The_Sky_BD_JP_2014_Remux.png,1920,1080,mozjpeg,10,.12501543209876543209,0.249,-18.68759823
SenkoFox.png,1024,1024,guetzli,100,9.60805511474609375000,213.545,94.52275157
LOZLA_Wallpaper_A_[3840x2160].png,3840,2160,mozjpeg,10,.13556230709876543209,1.018,-19.87887221
PXL_20240315_171208655.png,2252,3004,guetzli,92,3.11380563038506384619,1063.589,81.39982499
Nikon-D3500-Shotkit.png,3004,2004,mozjpeg,10,.11163159699243324270,0.619,-42.09554177
SenkoFox.png,1024,1024,mozjpeg,10,.17200469970703125000,0.131,-12.00989041
Laputa_Castle_In_The_Sky_BD_JP_2014_Remux.png,1920,1080,guetzli,100,7.65787808641975308641,300.047,94.21670675
konosuba-megumin1.png,1240,1754,mozjpeg,10,.29664545554860779048,0.300,-23.28595695
GenshinImpact-Halloween.png,2000,1125,mozjpeg,15,.22881066666666666666,0.295,8.31566606
Nikon-D3500-Shotkit.png,3004,2004,guetzli,96,5.97177150359733263167,1179.789,86.93935518
GenshinImpact-Halloween.png,2000,1125,guetzli,100,9.97469866666666666666,446.855,92.97370631
PXL_20240315_171208655.png,2252,3004,mozjpeg,10,.15261947953350535579,0.774,-30.62197866
Laputa_Castle_In_The_Sky_BD_JP_2014_Remux.png,1920,1080,mozjpeg,15,.18160108024691358024,0.252,8.36248717
konosuba-megumin1.png,1240,1754,guetzli,96,12.88767057784970758082,525.153,93.66661608
SenkoFox.png,1024,1024,mozjpeg,15,.24621582031250000000,0.136,15.72416079
konosuba-megumin1.png,1240,1754,mozjpeg,15,.41836907345422444550,0.320,-7.16496243
Nikon-D3500-Shotkit.png,3004,2004,mozjpeg,15,.17809653662050067641,0.661,-18.56523851
GenshinImpact-Halloween.png,2000,1125,mozjpeg,20,.29293155555555555555,0.301,24.36090940
LOZLA_Wallpaper_A_[3840x2160].png,3840,2160,mozjpeg,15,.19980902777777777777,0.988,5.50804025
konosuba-megumin1.png,1240,1754,guetzli,100,12.88767057784970758082,382.089,93.66661608
PXL_20240315_171208655.png,2252,3004,mozjpeg,15,.23059484925960176248,0.818,-4.11403614
Laputa_Castle_In_The_Sky_BD_JP_2014_Remux.png,1920,1080,mozjpeg,20,.23310570987654320987,0.262,26.05751970
SenkoFox.png,1024,1024,mozjpeg,20,.31250000000000000000,0.142,30.75913269
Nikon-D3500-Shotkit.png,3004,2004,mozjpeg,20,.23936547676949695814,0.693,-0.94320982
LOZLA_Wallpaper_A_[3840x2160].png,3840,2160,guetzli,96,4.11141975308641975308,1802.829,87.22160040
konosuba-megumin1.png,1240,1754,mozjpeg,20,.52344870710265935925,0.335,2.60252011
GenshinImpact-Halloween.png,2000,1125,mozjpeg,25,.35342222222222222222,0.329,35.65954581
SenkoFox.png,1024,1024,mozjpeg,25,.37546539306640625000,0.164,40.40414167
Laputa_Castle_In_The_Sky_BD_JP_2014_Remux.png,1920,1080,mozjpeg,25,.28175540123456790123,0.253,37.52735887
PXL_20240315_171208655.png,2252,3004,guetzli,96,4.83839191320985873187,1363.967,86.74690481
PXL_20240315_171208655.png,2252,3004,mozjpeg,20,.30161442528966706321,0.841,12.80319987
LOZLA_Wallpaper_A_[3840x2160].png,3840,2160,mozjpeg,20,.25702449845679012345,1.086,21.89274284
konosuba-megumin1.png,1240,1754,mozjpeg,25,.62320962224592636186,0.388,9.26205802
Nikon-D3500-Shotkit.png,3004,2004,mozjpeg,25,.30524835814389862086,0.718,11.43096354
GenshinImpact-Halloween.png,2000,1125,mozjpeg,30,.40915911111111111111,0.344,42.67762764
SenkoFox.png,1024,1024,mozjpeg,30,.43531036376953125000,0.159,47.05892416
PXL_20240315_171208655.png,2252,3004,mozjpeg,25,.36882025860132020538,0.926,24.52840064
Laputa_Castle_In_The_Sky_BD_JP_2014_Remux.png,1920,1080,mozjpeg,30,.32685570987654320987,0.281,45.21497314
LOZLA_Wallpaper_A_[3840x2160].png,3840,2160,mozjpeg,25,.31291570216049382716,1.146,32.26789523
GenshinImpact-Halloween.png,2000,1125,mozjpeg,35,.46002133333333333333,0.339,48.46267772
konosuba-megumin1.png,1240,1754,mozjpeg,30,.71474601831757825431,0.385,13.75679790
Laputa_Castle_In_The_Sky_BD_JP_2014_Remux.png,1920,1080,mozjpeg,35,.37575231481481481481,0.291,51.95381220
Nikon-D3500-Shotkit.png,3004,2004,mozjpeg,30,.37502225907705228690,0.810,19.22691647
SenkoFox.png,1024,1024,mozjpeg,35,.49093627929687500000,0.189,52.47210566
PXL_20240315_171208655.png,2252,3004,mozjpeg,30,.43321515658222429300,0.966,32.49271187
LOZLA_Wallpaper_A_[3840x2160].png,3840,2160,mozjpeg,30,.36279417438271604938,1.166,38.97522930
konosuba-megumin1.png,1240,1754,mozjpeg,35,.80229889285320189796,0.429,17.28947208
GenshinImpact-Halloween.png,2000,1125,mozjpeg,40,.50969955555555555555,0.394,52.98841506
Laputa_Castle_In_The_Sky_BD_JP_2014_Remux.png,1920,1080,mozjpeg,40,.41881558641975308641,0.299,56.63128798
LOZLA_Wallpaper_A_[3840x2160].png,3840,2160,mozjpeg,35,.41167920524691358024,1.232,44.56617099
SenkoFox.png,1024,1024,mozjpeg,40,.53733062744140625000,0.197,56.20112440
Nikon-D3500-Shotkit.png,3004,2004,mozjpeg,35,.44799349370500011960,0.835,25.68611405
konosuba-megumin1.png,1240,1754,mozjpeg,40,.87781292529517784235,0.512,20.12684870
GenshinImpact-Halloween.png,2000,1125,mozjpeg,45,.55675733333333333333,0.360,56.01251823
Nikon-D3500-Shotkit.png,3004,2004,mozjpeg,40,.51364115975771492966,0.878,30.20324665
PXL_20240315_171208655.png,2252,3004,mozjpeg,35,.49756038721609789670,1.034,39.15464618
Laputa_Castle_In_The_Sky_BD_JP_2014_Remux.png,1920,1080,mozjpeg,45,.45757716049382716049,0.340,60.15901013
SenkoFox.png,1024,1024,mozjpeg,45,.58433532714843750000,0.179,59.33838191
LOZLA_Wallpaper_A_[3840x2160].png,3840,2160,mozjpeg,40,.45453414351851851851,1.288,48.31598940
PXL_20240315_171208655.png,2252,3004,mozjpeg,40,.55525137590376833257,1.072,44.06391449
konosuba-megumin1.png,1240,1754,mozjpeg,45,.95177842351123698826,0.517,22.16952721
GenshinImpact-Halloween.png,2000,1125,mozjpeg,50,.60529066666666666666,0.398,59.43392259
SenkoFox.png,1024,1024,mozjpeg,50,.63230133056640625000,0.182,62.49509079
Laputa_Castle_In_The_Sky_BD_JP_2014_Remux.png,1920,1080,mozjpeg,50,.49961033950617283950,0.312,63.96624306
Nikon-D3500-Shotkit.png,3004,2004,mozjpeg,45,.58339246938878567764,0.934,33.99575013
LOZLA_Wallpaper_A_[3840x2160].png,3840,2160,mozjpeg,45,.49557388117283950617,1.344,50.81313946
GenshinImpact-Halloween.png,2000,1125,mozjpeg,55,.65811555555555555555,0.438,61.89048478
konosuba-megumin1.png,1240,1754,mozjpeg,50,1.02138522087762533563,0.512,24.44575504
PXL_20240315_171208655.png,2252,3004,mozjpeg,45,.61131871536589461535,1.104,47.46929650
Laputa_Castle_In_The_Sky_BD_JP_2014_Remux.png,1920,1080,mozjpeg,55,.54817129629629629629,0.365,67.19448778
SenkoFox.png,1024,1024,mozjpeg,55,.68763732910156250000,0.212,65.03872449
Nikon-D3500-Shotkit.png,3004,2004,mozjpeg,50,.65640489992053177267,0.958,37.64095127
LOZLA_Wallpaper_A_[3840x2160].png,3840,2160,mozjpeg,50,.53653356481481481481,1.321,54.08417074
PXL_20240315_171208655.png,2252,3004,mozjpeg,50,.66790401430419594477,1.200,51.23887339
konosuba-megumin1.png,1240,1754,mozjpeg,55,1.09873101114503255232,0.582,25.71603182
GenshinImpact-Halloween.png,2000,1125,mozjpeg,60,.70973155555555555555,0.424,63.90304778
Laputa_Castle_In_The_Sky_BD_JP_2014_Remux.png,1920,1080,mozjpeg,60,.59057484567901234567,0.366,69.11490085
SenkoFox.png,1024,1024,mozjpeg,60,.73838043212890625000,0.201,66.85672117
LOZLA_Wallpaper_A_[3840x2160].png,3840,2160,mozjpeg,55,.58334297839506172839,1.431,56.08215925
Nikon-D3500-Shotkit.png,3004,2004,mozjpeg,55,.74151032156725164850,1.076,41.01189008
Nikon-D3500-Shotkit.png,3004,2004,guetzli,100,14.60112132592338625013,1786.629,94.84293566
konosuba-megumin1.png,1240,1754,mozjpeg,60,1.17807040129473645492,0.579,27.74347514
GenshinImpact-Halloween.png,2000,1125,mozjpeg,65,.78267377777777777777,0.442,66.93006292
PXL_20240315_171208655.png,2252,3004,mozjpeg,55,.73182352482066540054,1.222,54.17492936
Laputa_Castle_In_The_Sky_BD_JP_2014_Remux.png,1920,1080,mozjpeg,65,.65743441358024691358,0.351,72.63472080
LOZLA_Wallpaper_A_[3840x2160].png,3840,2160,mozjpeg,60,.62710358796296296296,1.539,57.75989458
SenkoFox.png,1024,1024,mozjpeg,65,.81205749511718750000,0.242,69.44607070
Nikon-D3500-Shotkit.png,3004,2004,mozjpeg,60,.83212934982232605361,1.106,43.58876818
konosuba-megumin1.png,1240,1754,mozjpeg,65,1.28347371905690219590,0.621,29.75177046
PXL_20240315_171208655.png,2252,3004,mozjpeg,60,.79513401905807058912,1.269,56.58233356
GenshinImpact-Halloween.png,2000,1125,mozjpeg,70,.86410666666666666666,0.470,69.52361804
SenkoFox.png,1024,1024,mozjpeg,70,.89976501464843750000,0.232,72.15697097
Laputa_Castle_In_The_Sky_BD_JP_2014_Remux.png,1920,1080,mozjpeg,70,.73120756172839506172,0.381,75.00142140
Nikon-D3500-Shotkit.png,3004,2004,mozjpeg,65,.95997219940943678555,1.319,47.72027946
LOZLA_Wallpaper_A_[3840x2160].png,3840,2160,mozjpeg,65,.69038676697530864197,1.479,60.26751690
konosuba-megumin1.png,1240,1754,mozjpeg,70,1.40560562033324750800,0.631,31.35818363
PXL_20240315_171208655.png,2252,3004,mozjpeg,65,.88231203865538666029,1.312,59.98577355
GenshinImpact-Halloween.png,2000,1125,mozjpeg,75,.97647288888888888888,0.492,72.79266032
LOZLA_Wallpaper_A_[3840x2160].png,3840,2160,guetzli,100,10.51672067901234567901,1625.953,91.26951455
SenkoFox.png,1024,1024,mozjpeg,75,1.01097106933593750000,0.239,75.27263576
Laputa_Castle_In_The_Sky_BD_JP_2014_Remux.png,1920,1080,mozjpeg,75,.83604552469135802469,0.411,78.56591769
Nikon-D3500-Shotkit.png,3004,2004,mozjpeg,70,1.11768872375090032983,1.483,51.06432695
LOZLA_Wallpaper_A_[3840x2160].png,3840,2160,mozjpeg,70,.76190200617283950617,1.671,62.05987644
konosuba-megumin1.png,1240,1754,mozjpeg,75,1.56638466914334056718,0.675,33.81556238
PXL_20240315_171208655.png,2252,3004,mozjpeg,70,.98971531149704479285,1.488,62.79718086
GenshinImpact-Halloween.png,2000,1125,mozjpeg,80,1.30817422222222222222,0.668,77.20032340
PXL_20240315_171208655.png,2252,3004,guetzli,100,13.09203950682689510492,2054.988,93.22206669
SenkoFox.png,1024,1024,mozjpeg,80,1.34243011474609375000,0.311,78.83012330
Laputa_Castle_In_The_Sky_BD_JP_2014_Remux.png,1920,1080,mozjpeg,80,1.12267361111111111111,0.532,83.16457145
LOZLA_Wallpaper_A_[3840x2160].png,3840,2160,mozjpeg,75,.86028067129629629629,1.736,64.73547984
Nikon-D3500-Shotkit.png,3004,2004,mozjpeg,75,1.32656258720907054067,1.587,55.25201926
PXL_20240315_171208655.png,2252,3004,mozjpeg,75,1.13287316142124296083,1.611,66.36211831
GenshinImpact-Halloween.png,2000,1125,mozjpeg,85,1.55388088888888888888,0.786,79.84126516
konosuba-megumin1.png,1240,1754,mozjpeg,80,2.28306911391473866186,0.894,58.18818229
SenkoFox.png,1024,1024,mozjpeg,85,1.58780670166015625000,0.332,81.26052783
Laputa_Castle_In_The_Sky_BD_JP_2014_Remux.png,1920,1080,mozjpeg,85,1.32357638888888888888,0.563,85.51062682
konosuba-megumin1.png,1240,1754,mozjpeg,85,2.65915695001287379997,1.029,60.16478400
LOZLA_Wallpaper_A_[3840x2160].png,3840,2160,mozjpeg,80,1.27924961419753086419,2.289,72.80617019
Nikon-D3500-Shotkit.png,3004,2004,mozjpeg,80,2.08030144770379347828,2.372,62.74773147
SenkoFox.png,1024,1024,mozjpeg,90,2.43159484863281250000,0.516,85.47079783
GenshinImpact-Halloween.png,2000,1125,mozjpeg,90,2.44529777777777777777,1.056,84.68955793
Laputa_Castle_In_The_Sky_BD_JP_2014_Remux.png,1920,1080,mozjpeg,90,1.97518904320987654320,0.810,89.02526009
PXL_20240315_171208655.png,2252,3004,mozjpeg,80,1.61546120861941331037,2.112,72.23930433
Nikon-D3500-Shotkit.png,3004,2004,mozjpeg,85,2.63335645619546526122,2.948,67.92901852
LOZLA_Wallpaper_A_[3840x2160].png,3840,2160,mozjpeg,85,1.51532503858024691358,2.548,75.03918832
GenshinImpact-Halloween.png,2000,1125,mozjpeg,95,3.60780444444444444444,1.365,88.33037307
konosuba-megumin1.png,1240,1754,mozjpeg,90,4.46905138485305476882,1.668,80.50977317
PXL_20240315_171208655.png,2252,3004,mozjpeg,85,1.98453689929117600452,2.442,75.62650584
SenkoFox.png,1024,1024,mozjpeg,95,3.53448486328125000000,0.662,89.01992493
Laputa_Castle_In_The_Sky_BD_JP_2014_Remux.png,1920,1080,mozjpeg,95,2.78558641975308641975,1.052,91.34040312
GenshinImpact-Halloween.png,2000,1125,cjpegTurbo,10,.24713955555555555555,0.029,-11.92421550
konosuba-megumin1.png,1240,1754,mozjpeg,95,6.12379813881634604774,2.354,86.94643483
SenkoFox.png,1024,1024,mozjpeg,100,8.62053680419921875000,1.615,94.51272719
Laputa_Castle_In_The_Sky_BD_JP_2014_Remux.png,1920,1080,cjpegTurbo,10,.18733796296296296296,0.021,-10.54382198
Laputa_Castle_In_The_Sky_BD_JP_2014_Remux.png,1920,1080,mozjpeg,100,6.38572916666666666666,2.600,94.11839994
LOZLA_Wallpaper_A_[3840x2160].png,3840,2160,cjpegTurbo,10,.20662133487654320987,0.075,-16.28903103
LOZLA_Wallpaper_A_[3840x2160].png,3840,2160,mozjpeg,90,2.70353202160493827160,4.072,83.22945710
GenshinImpact-Halloween.png,2000,1125,mozjpeg,100,8.92277688888888888888,3.649,93.92473951
Nikon-D3500-Shotkit.png,3004,2004,mozjpeg,90,5.18038490263148802262,5.146,77.32708641
SenkoFox.png,1024,1024,cjpegTurbo,10,.25601196289062500000,0.011,-4.48836113
Nikon-D3500-Shotkit.png,3004,2004,cjpegTurbo,10,.19838352589096108714,0.079,-32.61613516
konosuba-megumin1.png,1240,1754,cjpegTurbo,10,.40300511273770552102,0.046,-16.37505333
PXL_20240315_171208655.png,2252,3004,mozjpeg,90,3.68873355360407556059,3.974,82.08474055
GenshinImpact-Halloween.png,2000,1125,cjpegTurbo,15,.33551288888888888888,0.050,15.53321530
Laputa_Castle_In_The_Sky_BD_JP_2014_Remux.png,1920,1080,cjpegTurbo,15,.26194830246913580246,0.042,16.70295256
PXL_20240315_171208655.png,2252,3004,cjpegTurbo,10,.26237012580029469292,0.087,-23.33813404
konosuba-megumin1.png,1240,1754,mozjpeg,100,11.73939750616103284658,4.966,93.62432980
SenkoFox.png,1024,1024,cjpegTurbo,15,.34863281250000000000,0.012,23.84374325
konosuba-megumin1.png,1240,1754,cjpegTurbo,15,.54571302460734910067,0.025,-1.92848354
GenshinImpact-Halloween.png,2000,1125,cjpegTurbo,20,.41376000000000000000,0.045,30.69971303
Nikon-D3500-Shotkit.png,3004,2004,cjpegTurbo,15,.30285633792335435653,0.121,-8.20400568
LOZLA_Wallpaper_A_[3840x2160].png,3840,2160,cjpegTurbo,15,.28341820987654320987,0.099,9.74664199
Laputa_Castle_In_The_Sky_BD_JP_2014_Remux.png,1920,1080,cjpegTurbo,20,.32832947530864197530,0.024,33.84636181
SenkoFox.png,1024,1024,cjpegTurbo,20,.43179321289062500000,0.013,37.71431523
LOZLA_Wallpaper_A_[3840x2160].png,3840,2160,mozjpeg,95,3.91332561728395061728,5.248,86.61236599
PXL_20240315_171208655.png,2252,3004,cjpegTurbo,15,.36710555257288683176,0.073,5.77814634
konosuba-megumin1.png,1240,1754,cjpegTurbo,20,.66614926251517269283,0.028,7.53521237
Laputa_Castle_In_The_Sky_BD_JP_2014_Remux.png,1920,1080,cjpegTurbo,25,.39524305555555555555,0.024,44.41269106
LOZLA_Wallpaper_A_[3840x2160].png,3840,2160,cjpegTurbo,20,.34906057098765432098,0.095,25.06991956
GenshinImpact-Halloween.png,2000,1125,cjpegTurbo,25,.48789333333333333333,0.030,41.38269901
Nikon-D3500-Shotkit.png,3004,2004,cjpegTurbo,20,.40664343749252493681,0.062,8.72162080
SenkoFox.png,1024,1024,cjpegTurbo,25,.51092529296875000000,0.013,46.44701656
Nikon-D3500-Shotkit.png,3004,2004,mozjpeg,95,7.59137251462454584838,8.001,85.42858562
PXL_20240315_171208655.png,2252,3004,mozjpeg,95,5.56241175176732976516,5.840,86.75609030
PXL_20240315_171208655.png,2252,3004,cjpegTurbo,20,.46206005964811867184,0.071,21.86204834
konosuba-megumin1.png,1240,1754,cjpegTurbo,25,.77549564129915032920,0.029,14.18943366
Nikon-D3500-Shotkit.png,3004,2004,cjpegTurbo,25,.51441059292865666802,0.068,20.29917218
GenshinImpact-Halloween.png,2000,1125,cjpegTurbo,30,.55580800000000000000,0.027,47.84455335
LOZLA_Wallpaper_A_[3840x2160].png,3840,2160,cjpegTurbo,25,.41018036265432098765,0.083,34.57287590
SenkoFox.png,1024,1024,cjpegTurbo,30,.58425903320312500000,0.013,53.56459509
Laputa_Castle_In_The_Sky_BD_JP_2014_Remux.png,1920,1080,cjpegTurbo,30,.45736496913580246913,0.025,52.35803124
konosuba-megumin1.png,1240,1754,cjpegTurbo,30,.87498436752859822709,0.031,18.81049565
PXL_20240315_171208655.png,2252,3004,cjpegTurbo,25,.55040526190065111526,0.075,32.86455933
GenshinImpact-Halloween.png,2000,1125,cjpegTurbo,35,.62028800000000000000,0.029,52.93726693
Laputa_Castle_In_The_Sky_BD_JP_2014_Remux.png,1920,1080,cjpegTurbo,35,.52052854938271604938,0.025,58.08329098
Nikon-D3500-Shotkit.png,3004,2004,cjpegTurbo,30,.61394255430550350696,0.074,27.61498251
SenkoFox.png,1024,1024,cjpegTurbo,35,.65058135986328125000,0.014,57.80258043
Nikon-D3500-Shotkit.png,3004,2004,mozjpeg,100,15.03335007747487714318,20.236,95.25539422
LOZLA_Wallpaper_A_[3840x2160].png,3840,2160,cjpegTurbo,30,.46618248456790123456,0.088,41.16681668
PXL_20240315_171208655.png,2252,3004,cjpegTurbo,30,.63073273527540543928,0.083,39.43932538
GenshinImpact-Halloween.png,2000,1125,cjpegTurbo,40,.67214222222222222222,0.032,56.60096782
konosuba-megumin1.png,1240,1754,cjpegTurbo,35,.96875712656784492588,0.029,22.14104488
SenkoFox.png,1024,1024,cjpegTurbo,40,.70480346679687500000,0.012,61.32798095
Laputa_Castle_In_The_Sky_BD_JP_2014_Remux.png,1920,1080,cjpegTurbo,40,.57233410493827160493,0.019,62.22967426
Laputa_Castle_In_The_Sky_BD_JP_2014_Remux.png,1920,1080,cjpegTurbo,45,.62924382716049382716,0.024,65.64823244
GenshinImpact-Halloween.png,2000,1125,cjpegTurbo,45,.73260088888888888888,0.022,59.47623647
konosuba-megumin1.png,1240,1754,cjpegTurbo,40,1.04559899952183028653,0.030,25.22075327
SenkoFox.png,1024,1024,cjpegTurbo,45,.76671600341796875000,0.014,63.90549899
Nikon-D3500-Shotkit.png,3004,2004,cjpegTurbo,35,.71429710485819306792,0.072,33.08955743
Nikon-D3500-Shotkit.png,3004,2004,cjpegTurbo,40,.79768160084624359802,0.072,37.15741790
Nikon-D3500-Shotkit.png,3004,2004,cjpegTurbo,45,.89202553614475443254,0.072,40.35309937
LOZLA_Wallpaper_A_[3840x2160].png,3840,2160,cjpegTurbo,35,.51949266975308641975,0.100,45.98609385
PXL_20240315_171208655.png,2252,3004,cjpegTurbo,35,.70913146000714263752,0.076,45.78605150
LOZLA_Wallpaper_A_[3840x2160].png,3840,2160,cjpegTurbo,40,.56393036265432098765,0.114,49.54686092
PXL_20240315_171208655.png,2252,3004,cjpegTurbo,40,.77389295031136696364,0.079,49.85603311
GenshinImpact-Halloween.png,2000,1125,cjpegTurbo,50,.78473244444444444444,0.031,62.11912402
PXL_20240315_171208655.png,2252,3004,cjpegTurbo,45,.84765960365457069673,0.077,53.00161110
Laputa_Castle_In_The_Sky_BD_JP_2014_Remux.png,1920,1080,cjpegTurbo,50,.67837191358024691358,0.030,68.52161595
konosuba-megumin1.png,1240,1754,cjpegTurbo,45,1.12996652812005738036,0.032,27.76074331
LOZLA_Wallpaper_A_[3840x2160].png,3840,2160,cjpegTurbo,45,.61450327932098765432,0.086,52.28674244
SenkoFox.png,1024,1024,cjpegTurbo,50,.82152557373046875000,0.015,66.38318250
konosuba-megumin1.png,1240,1754,cjpegTurbo,50,1.20381432302203258910,0.032,29.90261571
SenkoFox.png,1024,1024,cjpegTurbo,55,.87776184082031250000,0.014,68.25453899
Laputa_Castle_In_The_Sky_BD_JP_2014_Remux.png,1920,1080,cjpegTurbo,55,.72914351851851851851,0.031,70.93320457
GenshinImpact-Halloween.png,2000,1125,cjpegTurbo,55,.83859200000000000000,0.029,64.32250785
GenshinImpact-Halloween.png,2000,1125,cjpegTurbo,60,.90647466666666666666,0.030,66.32547273
konosuba-megumin1.png,1240,1754,cjpegTurbo,55,1.28222679957332548644,0.037,30.87652314
LOZLA_Wallpaper_A_[3840x2160].png,3840,2160,cjpegTurbo,50,.65683931327160493827,0.090,54.84997193
Nikon-D3500-Shotkit.png,3004,2004,cjpegTurbo,50,.97808776587969201410,0.083,43.37063611
Laputa_Castle_In_The_Sky_BD_JP_2014_Remux.png,1920,1080,cjpegTurbo,60,.79200231481481481481,0.028,72.85925768
PXL_20240315_171208655.png,2252,3004,cjpegTurbo,50,.91131776932118927279,0.081,55.68834686
SenkoFox.png,1024,1024,cjpegTurbo,60,.94614410400390625000,0.014,70.19649474
Nikon-D3500-Shotkit.png,3004,2004,cjpegTurbo,55,1.06942440020092969852,0.084,45.85546813
konosuba-megumin1.png,1240,1754,cjpegTurbo,60,1.37526391289954757788,0.034,32.60432796
LOZLA_Wallpaper_A_[3840x2160].png,3840,2160,cjpegTurbo,55,.70108506944444444444,0.092,56.87894446
GenshinImpact-Halloween.png,2000,1125,cjpegTurbo,65,.99045333333333333333,0.031,68.80312952
Laputa_Castle_In_The_Sky_BD_JP_2014_Remux.png,1920,1080,cjpegTurbo,65,.86945601851851851851,0.031,75.61158689
PXL_20240315_171208655.png,2252,3004,cjpegTurbo,55,.97729019684825206415,0.083,57.78324565
LOZLA_Wallpaper_A_[3840x2160].png,3840,2160,cjpegTurbo,60,.75588348765432098765,0.095,58.74197054
SenkoFox.png,1024,1024,cjpegTurbo,65,1.03153991699218750000,0.015,72.35777508
Nikon-D3500-Shotkit.png,3004,2004,cjpegTurbo,60,1.18475698403459392798,0.086,48.25170438
GenshinImpact-Halloween.png,2000,1125,cjpegTurbo,70,1.09350400000000000000,0.033,71.21445951
konosuba-megumin1.png,1240,1754,cjpegTurbo,65,1.49342332732556001029,0.035,34.83406714
SenkoFox.png,1024,1024,cjpegTurbo,70,1.13542175292968750000,0.015,74.52643680
PXL_20240315_171208655.png,2252,3004,cjpegTurbo,60,1.05831537819319651950,0.089,59.79087666
Laputa_Castle_In_The_Sky_BD_JP_2014_Remux.png,1920,1080,cjpegTurbo,70,.96046296296296296296,0.030,77.76795267
Nikon-D3500-Shotkit.png,3004,2004,cjpegTurbo,65,1.33369878086702759593,0.101,51.72121572
LOZLA_Wallpaper_A_[3840x2160].png,3840,2160,cjpegTurbo,65,.82638406635802469135,0.096,61.17585951
konosuba-megumin1.png,1240,1754,cjpegTurbo,70,1.63635928936624121822,0.034,36.47007626
GenshinImpact-Halloween.png,2000,1125,cjpegTurbo,75,1.21312355555555555555,0.033,73.60474448
PXL_20240315_171208655.png,2252,3004,cjpegTurbo,65,1.15967933814712414235,0.096,62.40105546
Laputa_Castle_In_The_Sky_BD_JP_2014_Remux.png,1920,1080,cjpegTurbo,75,1.06233024691358024691,0.030,80.19166699
SenkoFox.png,1024,1024,cjpegTurbo,75,1.25434112548828125000,0.016,76.59795367
Nikon-D3500-Shotkit.png,3004,2004,cjpegTurbo,70,1.52489162819500811957,0.097,55.03477176
konosuba-megumin1.png,1240,1754,cjpegTurbo,75,1.80407179902159120167,0.046,38.36741427
LOZLA_Wallpaper_A_[3840x2160].png,3840,2160,cjpegTurbo,70,.91291666666666666666,0.100,63.35649100
GenshinImpact-Halloween.png,2000,1125,cjpegTurbo,80,1.40206577777777777777,0.024,76.48941271
Laputa_Castle_In_The_Sky_BD_JP_2014_Remux.png,1920,1080,cjpegTurbo,80,1.21607253086419753086,0.034,82.92037967
PXL_20240315_171208655.png,2252,3004,cjpegTurbo,70,1.28504918249911899586,0.101,65.35472206
SenkoFox.png,1024,1024,cjpegTurbo,80,1.44087982177734375000,0.012,79.28492710
LOZLA_Wallpaper_A_[3840x2160].png,3840,2160,cjpegTurbo,75,1.01384645061728395061,0.106,65.74389557
Nikon-D3500-Shotkit.png,3004,2004,cjpegTurbo,75,1.75093753903644109915,0.100,58.49975812
konosuba-megumin1.png,1240,1754,cjpegTurbo,80,2.06001029903998234450,0.039,39.87321784
SenkoFox.png,1024,1024,cjpegTurbo,85,1.70101165771484375000,0.017,81.80605783
GenshinImpact-Halloween.png,2000,1125,cjpegTurbo,85,1.66999822222222222222,0.040,79.53252819
Laputa_Castle_In_The_Sky_BD_JP_2014_Remux.png,1920,1080,cjpegTurbo,85,1.42468364197530864197,0.035,85.27910289
PXL_20240315_171208655.png,2252,3004,cjpegTurbo,75,1.42834066123794679917,0.103,67.58732469
LOZLA_Wallpaper_A_[3840x2160].png,3840,2160,cjpegTurbo,80,1.17224440586419753086,0.107,68.22178353
Nikon-D3500-Shotkit.png,3004,2004,cjpegTurbo,80,2.10140305274936146349,0.107,63.16027014
konosuba-megumin1.png,1240,1754,cjpegTurbo,85,2.40428513627836833780,0.040,41.10764543
PXL_20240315_171208655.png,2252,3004,cjpegTurbo,80,1.65639065024017709956,0.107,70.94963004
GenshinImpact-Halloween.png,2000,1125,cjpegTurbo,90,2.13203911111111111111,0.044,83.00752641
Laputa_Castle_In_The_Sky_BD_JP_2014_Remux.png,1920,1080,cjpegTurbo,90,1.77066743827160493827,0.037,87.77521866
SenkoFox.png,1024,1024,cjpegTurbo,90,2.14894866943359375000,0.021,84.89139979
konosuba-megumin1.png,1240,1754,cjpegTurbo,90,2.97368963107367491815,0.053,42.08724803
LOZLA_Wallpaper_A_[3840x2160].png,3840,2160,cjpegTurbo,85,1.39708815586419753086,0.121,70.48700271
Nikon-D3500-Shotkit.png,3004,2004,cjpegTurbo,85,2.58745491706334335324,0.129,68.34911890
Laputa_Castle_In_The_Sky_BD_JP_2014_Remux.png,1920,1080,cjpegTurbo,95,2.47671296296296296296,0.057,89.91754229
SenkoFox.png,1024,1024,cjpegTurbo,95,3.09550476074218750000,0.024,88.52293245
GenshinImpact-Halloween.png,2000,1125,cjpegTurbo,95,3.12760888888888888888,0.046,86.62803698
PXL_20240315_171208655.png,2252,3004,cjpegTurbo,85,1.98460430497643166127,0.113,74.31340085
konosuba-megumin1.png,1240,1754,cjpegTurbo,95,4.09245227498436752859,0.057,42.66739411
LOZLA_Wallpaper_A_[3840x2160].png,3840,2160,cjpegTurbo,90,1.78326292438271604938,0.130,72.64126867
LOZLA_Wallpaper_A_[3840x2160].png,3840,2160,mozjpeg,100,9.26381365740740740740,9.883,91.10888426
Nikon-D3500-Shotkit.png,3004,2004,cjpegTurbo,90,3.41463942952975540264,0.153,75.25144799
PXL_20240315_171208655.png,2252,3004,cjpegTurbo,90,2.56987486193660081407,0.131,78.77418568
SenkoFox.png,1024,1024,cjpegTurbo,100,6.21018218994140625000,0.042,92.56076916
Laputa_Castle_In_The_Sky_BD_JP_2014_Remux.png,1920,1080,cjpegTurbo,100,5.27512345679012345679,0.067,92.45997214
GenshinImpact-Halloween.png,2000,1125,cjpegli444,10,.36290488888888888888,0.207,27.32840441
PXL_20240315_171208655.png,2252,3004,mozjpeg,100,12.42988153155177347905,11.250,93.22721983
GenshinImpact-Halloween.png,2000,1125,cjpegTurbo,100,6.31551644444444444444,0.076,89.73106836
SenkoFox.png,1024,1024,cjpegli444,10,.38131713867187500000,0.086,31.31301991
LOZLA_Wallpaper_A_[3840x2160].png,3840,2160,cjpegTurbo,95,2.63940586419753086419,0.163,74.25457906
konosuba-megumin1.png,1240,1754,cjpegTurbo,100,7.24456541729503071320,0.076,42.68215728
Laputa_Castle_In_The_Sky_BD_JP_2014_Remux.png,1920,1080,cjpegli444,10,.29883873456790123456,0.146,32.35237755
Nikon-D3500-Shotkit.png,3004,2004,cjpegTurbo,95,5.00210497779407895261,0.184,82.46819380
PXL_20240315_171208655.png,2252,3004,cjpegTurbo,95,3.84245044499577827550,0.164,83.84351470
konosuba-megumin1.png,1240,1754,cjpegli444,10,.70787508735792842167,0.183,30.66973142
GenshinImpact-Halloween.png,2000,1125,cjpegli440,10,.33447466666666666666,0.168,23.15805434
Laputa_Castle_In_The_Sky_BD_JP_2014_Remux.png,1920,1080,cjpegli440,10,.27237268518518518518,0.144,27.25140535
SenkoFox.png,1024,1024,cjpegli440,10,.35028839111328125000,0.125,26.93720506
konosuba-megumin1.png,1240,1754,cjpegli440,10,.58012285283407510942,0.162,5.20588372
Nikon-D3500-Shotkit.png,3004,2004,cjpegli444,10,.30154737130266763410,0.354,3.87655193
LOZLA_Wallpaper_A_[3840x2160].png,3840,2160,cjpegli444,10,.32788966049382716049,0.570,24.77397646
GenshinImpact-Halloween.png,2000,1125,cjpegli422,10,.33932444444444444444,0.172,22.71627449
PXL_20240315_171208655.png,2252,3004,cjpegli444,10,.37521197314179081532,0.473,17.43019661
Laputa_Castle_In_The_Sky_BD_JP_2014_Remux.png,1920,1080,cjpegli422,10,.27745370370370370370,0.134,27.27803327
Nikon-D3500-Shotkit.png,3004,2004,cjpegTurbo,100,8.15404211550268304934,0.241,85.25891378
Nikon-D3500-Shotkit.png,3004,2004,cjpegli440,10,.27658796920141076037,0.304,0.57148164
SenkoFox.png,1024,1024,cjpegli422,10,.35802459716796875000,0.083,26.76498331
LOZLA_Wallpaper_A_[3840x2160].png,3840,2160,cjpegli440,10,.27709297839506172839,0.531,17.77813389
PXL_20240315_171208655.png,2252,3004,cjpegli440,10,.34862929947754681147,0.402,13.48755343
GenshinImpact-Halloween.png,2000,1125,cjpegli420,10,.30105955555555555555,0.160,25.66459513
konosuba-megumin1.png,1240,1754,cjpegli422,10,.59809099937470114392,0.123,13.75844149
Laputa_Castle_In_The_Sky_BD_JP_2014_Remux.png,1920,1080,cjpegli420,10,.24629243827160493827,0.121,30.82617155
Nikon-D3500-Shotkit.png,3004,2004,cjpegli422,10,.27694411443424735083,0.312,0.37546409
SenkoFox.png,1024,1024,cjpegli420,10,.32369995117187500000,0.095,31.85199877
PXL_20240315_171208655.png,2252,3004,cjpegli422,10,.35085605220274684080,0.430,13.79568283
konosuba-megumin1.png,1240,1754,cjpegli420,10,.57240592930444697833,0.160,10.09538197
LOZLA_Wallpaper_A_[3840x2160].png,3840,2160,cjpegli422,10,.28413773148148148148,0.512,19.33514127
SenkoFox.png,1024,1024,cjpegli444,15,.45532226562500000000,0.075,43.46344020
Laputa_Castle_In_The_Sky_BD_JP_2014_Remux.png,1920,1080,cjpegli440,15,.33054398148148148148,0.113,40.30846604
GenshinImpact-Halloween.png,2000,1125,cjpegli440,15,.40357333333333333333,0.148,34.99984804
Laputa_Castle_In_The_Sky_BD_JP_2014_Remux.png,1920,1080,cjpegli444,15,.36071373456790123456,0.112,45.60956196
GenshinImpact-Halloween.png,2000,1125,cjpegli444,15,.43670400000000000000,0.140,38.96025249
konosuba-megumin1.png,1240,1754,cjpegli444,15,.85731047927318203553,0.146,39.43617491
Nikon-D3500-Shotkit.png,3004,2004,cjpegli420,10,.22862929267962078506,0.222,0.47744625
PXL_20240315_171208655.png,2252,3004,cjpegli420,10,.29864029724724641862,0.378,14.06564817
Nikon-D3500-Shotkit.png,3004,2004,cjpegli440,15,.33963763551458999444,0.411,12.53841617
SenkoFox.png,1024,1024,cjpegli440,15,.41904449462890625000,0.084,38.86452653
LOZLA_Wallpaper_A_[3840x2160].png,3840,2160,cjpegli420,10,.26690489969135802469,0.520,23.57214456
konosuba-megumin1.png,1240,1754,cjpegli440,15,.70200095633942693198,0.169,13.92586484
LOZLA_Wallpaper_A_[3840x2160].png,3840,2160,cjpegli440,15,.33851369598765432098,0.606,30.08759159
GenshinImpact-Halloween.png,2000,1125,cjpegli422,15,.40961777777777777777,0.187,34.85067422
Nikon-D3500-Shotkit.png,3004,2004,cjpegli444,15,.36736912327143316562,0.369,16.67482745
Laputa_Castle_In_The_Sky_BD_JP_2014_Remux.png,1920,1080,cjpegli422,15,.33745756172839506172,0.138,41.21472093
PXL_20240315_171208655.png,2252,3004,cjpegli444,15,.45249436512122380343,0.497,30.53953989
SenkoFox.png,1024,1024,cjpegli422,15,.42906951904296875000,0.115,39.11593469
GenshinImpact-Halloween.png,2000,1125,cjpegli420,15,.36754844444444444444,0.179,37.44342492
PXL_20240315_171208655.png,2252,3004,cjpegli440,15,.42362817604945921719,0.418,26.82285897
konosuba-megumin1.png,1240,1754,cjpegli422,15,.71989186008018538271,0.169,22.99363592
LOZLA_Wallpaper_A_[3840x2160].png,3840,2160,cjpegli444,15,.40375868055555555555,0.644,36.77849896
SenkoFox.png,1024,1024,cjpegli420,15,.39315795898437500000,0.095,41.21932975
Laputa_Castle_In_The_Sky_BD_JP_2014_Remux.png,1920,1080,cjpegli420,15,.30465663580246913580,0.162,43.21054728
Nikon-D3500-Shotkit.png,3004,2004,cjpegli422,15,.34024627177070625725,0.321,12.57231898
LOZLA_Wallpaper_A_[3840x2160].png,3840,2160,cjpegli422,15,.34725405092592592592,0.512,31.50515871
konosuba-megumin1.png,1240,1754,cjpegli420,15,.68699378379372494206,0.166,16.60857390
PXL_20240315_171208655.png,2252,3004,cjpegli422,15,.42634214179791066026,0.443,27.11574960
Nikon-D3500-Shotkit.png,3004,2004,cjpegli420,15,.28530954070553965305,0.312,12.70603796
GenshinImpact-Halloween.png,2000,1125,cjpegli444,20,.51511111111111111111,0.221,48.02105476
SenkoFox.png,1024,1024,cjpegli444,20,.53219604492187500000,0.117,51.32946641
PXL_20240315_171208655.png,2252,3004,cjpegli420,15,.36615714275578092442,0.407,26.82522337
LOZLA_Wallpaper_A_[3840x2160].png,3840,2160,cjpegli420,15,.32927854938271604938,0.495,34.47057647
Laputa_Castle_In_The_Sky_BD_JP_2014_Remux.png,1920,1080,cjpegli444,20,.42537037037037037037,0.164,54.14432829
GenshinImpact-Halloween.png,2000,1125,cjpegli440,20,.47554488888888888888,0.180,44.12715991
konosuba-megumin1.png,1240,1754,cjpegli444,20,1.01123698826645087725,0.189,46.19448155
Laputa_Castle_In_The_Sky_BD_JP_2014_Remux.png,1920,1080,cjpegli440,20,.38856867283950617283,0.168,49.56811655
SenkoFox.png,1024,1024,cjpegli440,20,.48925018310546875000,0.108,47.25775393
GenshinImpact-Halloween.png,2000,1125,cjpegli422,20,.48272355555555555555,0.185,43.84336796
konosuba-megumin1.png,1240,1754,cjpegli440,20,.82620370029793651377,0.180,20.16547695
Laputa_Castle_In_The_Sky_BD_JP_2014_Remux.png,1920,1080,cjpegli422,20,.39701388888888888888,0.157,50.21539116
Nikon-D3500-Shotkit.png,3004,2004,cjpegli444,20,.43245732237256512275,0.402,24.15325823
SenkoFox.png,1024,1024,cjpegli422,20,.50081634521484375000,0.083,47.48172044
Nikon-D3500-Shotkit.png,3004,2004,cjpegli440,20,.40170657353734608014,0.352,20.20935299
PXL_20240315_171208655.png,2252,3004,cjpegli444,20,.53451880618618632823,0.476,38.95615556
LOZLA_Wallpaper_A_[3840x2160].png,3840,2160,cjpegli440,20,.40198881172839506172,0.516,39.25499222
konosuba-megumin1.png,1240,1754,cjpegli422,20,.84557325192187442527,0.177,30.32187098
PXL_20240315_171208655.png,2252,3004,cjpegli440,20,.50157398187851366916,0.472,35.38561084
LOZLA_Wallpaper_A_[3840x2160].png,3840,2160,cjpegli444,20,.48373263888888888888,0.585,46.58451865
GenshinImpact-Halloween.png,2000,1125,cjpegli420,20,.43524266666666666666,0.187,46.43544155
Laputa_Castle_In_The_Sky_BD_JP_2014_Remux.png,1920,1080,cjpegli420,20,.35926311728395061728,0.124,53.11356279
PXL_20240315_171208655.png,2252,3004,cjpegTurbo,100,7.31827072488310435109,0.248,86.25971287
SenkoFox.png,1024,1024,cjpegli420,20,.45760345458984375000,0.083,49.39894536
Nikon-D3500-Shotkit.png,3004,2004,cjpegli422,20,.40276836473524322858,0.327,20.26022869
LOZLA_Wallpaper_A_[3840x2160].png,3840,2160,cjpegli422,20,.41245659722222222222,0.519,41.00944672
LOZLA_Wallpaper_A_[3840x2160].png,3840,2160,cjpegTurbo,100,5.70736496913580246913,0.289,74.76810511
PXL_20240315_171208655.png,2252,3004,cjpegli422,20,.50495845681187664523,0.464,35.33789741
konosuba-megumin1.png,1240,1754,cjpegli420,20,.80168462868282635082,0.157,21.87659684
Nikon-D3500-Shotkit.png,3004,2004,cjpegli420,20,.34137849467509720904,0.316,21.19372214
SenkoFox.png,1024,1024,cjpegli444,25,.60900878906250000000,0.100,57.35023671
LOZLA_Wallpaper_A_[3840x2160].png,3840,2160,cjpegli420,20,.39058159722222222222,0.528,43.20708692
GenshinImpact-Halloween.png,2000,1125,cjpegli444,25,.59312355555555555555,0.190,55.88219133
Laputa_Castle_In_The_Sky_BD_JP_2014_Remux.png,1920,1080,cjpegli444,25,.48932870370370370370,0.189,61.27224992
PXL_20240315_171208655.png,2252,3004,cjpegli420,20,.43584043063954987192,0.405,36.55794371
GenshinImpact-Halloween.png,2000,1125,cjpegli440,25,.54677333333333333333,0.207,51.97826535
Laputa_Castle_In_The_Sky_BD_JP_2014_Remux.png,1920,1080,cjpegli440,25,.44617283950617283950,0.147,56.52290876
SenkoFox.png,1024,1024,cjpegli440,25,.55855560302734375000,0.138,53.71342570
konosuba-megumin1.png,1240,1754,cjpegli444,25,1.16316621914885791003,0.187,51.78597240
konosuba-megumin1.png,1240,1754,cjpegli440,25,.95006436899988965314,0.164,25.92311911
GenshinImpact-Halloween.png,2000,1125,cjpegli422,25,.55496533333333333333,0.182,51.58020892
SenkoFox.png,1024,1024,cjpegli422,25,.57147216796875000000,0.128,53.83145145
Laputa_Castle_In_The_Sky_BD_JP_2014_Remux.png,1920,1080,cjpegli422,25,.45564043209876543209,0.139,57.63749049
Nikon-D3500-Shotkit.png,3004,2004,cjpegli440,25,.46722134957780843107,0.344,27.12956237
Nikon-D3500-Shotkit.png,3004,2004,cjpegli444,25,.50325979200055282245,0.381,30.40814830
GenshinImpact-Halloween.png,2000,1125,cjpegli420,25,.50466133333333333333,0.180,52.64824663
PXL_20240315_171208655.png,2252,3004,cjpegli440,25,.58023759912774678167,0.444,43.12677839
LOZLA_Wallpaper_A_[3840x2160].png,3840,2160,cjpegli440,25,.46448784722222222222,0.552,46.31054831
konosuba-megumin1.png,1240,1754,cjpegli422,25,.96962151028064883951,0.221,36.32014685
PXL_20240315_171208655.png,2252,3004,cjpegli444,25,.61839631231773857473,0.499,46.09349565
LOZLA_Wallpaper_A_[3840x2160].png,3840,2160,cjpegli444,25,.56140432098765432098,0.611,53.76383937
SenkoFox.png,1024,1024,cjpegli420,25,.52424621582031250000,0.084,55.32780056
Nikon-D3500-Shotkit.png,3004,2004,cjpegli422,25,.46851835609739243217,0.345,27.10698935
Laputa_Castle_In_The_Sky_BD_JP_2014_Remux.png,1920,1080,cjpegli420,25,.41614969135802469135,0.139,59.48536791
PXL_20240315_171208655.png,2252,3004,cjpegli422,25,.58417905788138018462,0.449,43.06548802
konosuba-megumin1.png,1240,1754,cjpegli420,25,.91823665722588001618,0.195,26.09135573
LOZLA_Wallpaper_A_[3840x2160].png,3840,2160,cjpegli422,25,.47617959104938271604,0.638,48.04044903
LOZLA_Wallpaper_A_[3840x2160].png,3840,2160,cjpegli420,25,.45315875771604938271,0.502,49.06035381
GenshinImpact-Halloween.png,2000,1125,cjpegli444,30,.64760177777777777777,0.234,59.39393019
SenkoFox.png,1024,1024,cjpegli444,30,.66318511962890625000,0.098,60.66289750
Nikon-D3500-Shotkit.png,3004,2004,cjpegli420,25,.40379427562983221307,0.340,26.95446519
Laputa_Castle_In_The_Sky_BD_JP_2014_Remux.png,1920,1080,cjpegli444,30,.53364969135802469135,0.157,64.91414188
PXL_20240315_171208655.png,2252,3004,cjpegli420,25,.51007064588837145499,0.421,42.64103738
GenshinImpact-Halloween.png,2000,1125,cjpegli440,30,.59660800000000000000,0.197,55.97227362
Laputa_Castle_In_The_Sky_BD_JP_2014_Remux.png,1920,1080,cjpegli440,30,.48503858024691358024,0.169,60.52134345
SenkoFox.png,1024,1024,cjpegli440,30,.60755920410156250000,0.123,57.18408925
konosuba-megumin1.png,1240,1754,cjpegli444,30,1.26760951925552653841,0.204,54.69745043
konosuba-megumin1.png,1240,1754,cjpegli440,30,1.03559421782469562658,0.182,28.55944314
GenshinImpact-Halloween.png,2000,1125,cjpegli422,30,.60509866666666666666,0.176,55.13609430
Laputa_Castle_In_The_Sky_BD_JP_2014_Remux.png,1920,1080,cjpegli422,30,.49559799382716049382,0.140,61.72417063
SenkoFox.png,1024,1024,cjpegli422,30,.62154388427734375000,0.088,57.17321594
Nikon-D3500-Shotkit.png,3004,2004,cjpegli444,30,.56180448689837369203,0.409,34.57906615
Nikon-D3500-Shotkit.png,3004,2004,cjpegli440,30,.51939662618836893456,0.369,31.44623610
konosuba-megumin1.png,1240,1754,cjpegli422,30,1.05474307573472615588,0.202,38.99041475
GenshinImpact-Halloween.png,2000,1125,cjpegli420,30,.54686577777777777777,0.173,56.02892577
PXL_20240315_171208655.png,2252,3004,cjpegli444,30,.67915012073895551934,0.489,49.77579080
LOZLA_Wallpaper_A_[3840x2160].png,3840,2160,cjpegli440,30,.50740740740740740740,0.543,49.58245798
PXL_20240315_171208655.png,2252,3004,cjpegli440,30,.63626118402225097146,0.438,46.83533537
Laputa_Castle_In_The_Sky_BD_JP_2014_Remux.png,1920,1080,cjpegli420,30,.44856867283950617283,0.166,62.67516636
LOZLA_Wallpaper_A_[3840x2160].png,3840,2160,cjpegli444,30,.61543788580246913580,0.596,57.22153494
SenkoFox.png,1024,1024,cjpegli420,30,.56329345703125000000,0.117,57.63043684
Nikon-D3500-Shotkit.png,3004,2004,cjpegli422,30,.52078532681640713247,0.340,31.48256008
PXL_20240315_171208655.png,2252,3004,cjpegli422,30,.64061062455506334951,0.484,47.00234438
LOZLA_Wallpaper_A_[3840x2160].png,3840,2160,cjpegli422,30,.52003665123456790123,0.560,51.29603711
konosuba-megumin1.png,1240,1754,cjpegli420,30,.99311067789752455217,0.170,28.05102950
LOZLA_Wallpaper_A_[3840x2160].png,3840,2160,cjpegli420,30,.49091435185185185185,0.500,52.02307063
Nikon-D3500-Shotkit.png,3004,2004,cjpegli420,30,.44509914923814155975,0.308,30.16160823
SenkoFox.png,1024,1024,cjpegli444,35,.69309234619140625000,0.097,62.31631558
GenshinImpact-Halloween.png,2000,1125,cjpegli444,35,.67843555555555555555,0.200,60.93544988
Laputa_Castle_In_The_Sky_BD_JP_2014_Remux.png,1920,1080,cjpegli444,35,.55712577160493827160,0.160,66.49874181
PXL_20240315_171208655.png,2252,3004,cjpegli420,30,.55617140437971396338,0.401,46.25968704
GenshinImpact-Halloween.png,2000,1125,cjpegli440,35,.62464000000000000000,0.244,57.58374632
Laputa_Castle_In_The_Sky_BD_JP_2014_Remux.png,1920,1080,cjpegli440,35,.50615354938271604938,0.143,62.41581416
SenkoFox.png,1024,1024,cjpegli440,35,.63470458984375000000,0.098,59.13785734
konosuba-megumin1.png,1240,1754,cjpegli444,35,1.32567771361312391952,0.187,56.32766759
GenshinImpact-Halloween.png,2000,1125,cjpegli422,35,.63361777777777777777,0.264,56.64022689
konosuba-megumin1.png,1240,1754,cjpegli440,35,1.08362084819950711737,0.197,30.24304245
Laputa_Castle_In_The_Sky_BD_JP_2014_Remux.png,1920,1080,cjpegli422,35,.51697916666666666666,0.149,63.41067018
SenkoFox.png,1024,1024,cjpegli422,35,.64920806884765625000,0.089,59.06966140
Nikon-D3500-Shotkit.png,3004,2004,cjpegli444,35,.59618711976845244265,0.438,36.19552290
Nikon-D3500-Shotkit.png,3004,2004,cjpegli440,35,.54964903747764125543,0.362,32.94026096
GenshinImpact-Halloween.png,2000,1125,cjpegli420,35,.57393422222222222222,0.186,57.53210894
LOZLA_Wallpaper_A_[3840x2160].png,3840,2160,cjpegli440,35,.53170428240740740740,0.542,51.27228911
konosuba-megumin1.png,1240,1754,cjpegli422,35,1.10246809136719755765,0.171,40.78908588
PXL_20240315_171208655.png,2252,3004,cjpegli444,35,.71234564689354395441,0.490,51.89811028
PXL_20240315_171208655.png,2252,3004,cjpegli440,35,.66716846454579211140,0.450,49.06246993
SenkoFox.png,1024,1024,cjpegli420,35,.59020996093750000000,0.089,59.59858391
LOZLA_Wallpaper_A_[3840x2160].png,3840,2160,cjpegli444,35,.64556809413580246913,0.644,58.76914718
Laputa_Castle_In_The_Sky_BD_JP_2014_Remux.png,1920,1080,cjpegli420,35,.47048225308641975308,0.142,64.30776120
Nikon-D3500-Shotkit.png,3004,2004,cjpegli422,35,.55124238872454824040,0.347,32.98880173
LOZLA_Wallpaper_A_[3840x2160].png,3840,2160,cjpegli422,35,.54471932870370370370,0.579,52.88659405
konosuba-megumin1.png,1240,1754,cjpegli420,35,1.04061499981608857174,0.173,29.59654916
PXL_20240315_171208655.png,2252,3004,cjpegli422,35,.67171184424319971240,0.450,49.21299194
LOZLA_Wallpaper_A_[3840x2160].png,3840,2160,cjpegli420,35,.51534915123456790123,0.521,53.62934472
Nikon-D3500-Shotkit.png,3004,2004,cjpegli420,35,.47319475562855646895,0.306,31.39028133
SenkoFox.png,1024,1024,cjpegli444,40,.72203063964843750000,0.113,63.43370691
GenshinImpact-Halloween.png,2000,1125,cjpegli444,40,.70776533333333333333,0.213,62.60408278
PXL_20240315_171208655.png,2252,3004,cjpegli420,35,.58628164223900400413,0.405,47.87566154
Laputa_Castle_In_The_Sky_BD_JP_2014_Remux.png,1920,1080,cjpegli444,40,.57913194444444444444,0.195,68.02265291
GenshinImpact-Halloween.png,2000,1125,cjpegli440,40,.65171911111111111111,0.194,59.21886863
Laputa_Castle_In_The_Sky_BD_JP_2014_Remux.png,1920,1080,cjpegli440,40,.52631558641975308641,0.145,63.56386768
SenkoFox.png,1024,1024,cjpegli440,40,.66173553466796875000,0.086,60.26484147
konosuba-megumin1.png,1240,1754,cjpegli444,40,1.38501857505425387133,0.202,57.54351693
GenshinImpact-Halloween.png,2000,1125,cjpegli422,40,.66130133333333333333,0.196,58.43928313
konosuba-megumin1.png,1240,1754,cjpegli440,40,1.13320704748593077573,0.190,31.74346279
SenkoFox.png,1024,1024,cjpegli422,40,.67619323730468750000,0.106,60.33442922
Laputa_Castle_In_The_Sky_BD_JP_2014_Remux.png,1920,1080,cjpegli422,40,.53733796296296296296,0.147,64.84859087
Nikon-D3500-Shotkit.png,3004,2004,cjpegli444,40,.63595445593500083720,0.376,37.93655446
Nikon-D3500-Shotkit.png,3004,2004,cjpegli440,40,.58498980733606023638,0.361,34.86306710
GenshinImpact-Halloween.png,2000,1125,cjpegli420,40,.59915022222222222222,0.178,59.14831240
LOZLA_Wallpaper_A_[3840x2160].png,3840,2160,cjpegli440,40,.55458815586419753086,0.563,52.91784719
konosuba-megumin1.png,1240,1754,cjpegli422,40,1.15151359105454812962,0.219,41.98731450
PXL_20240315_171208655.png,2252,3004,cjpegli440,40,.69910220357462991913,0.429,50.45780823
LOZLA_Wallpaper_A_[3840x2160].png,3840,2160,cjpegli444,40,.67379726080246913580,0.612,60.51127791
PXL_20240315_171208655.png,2252,3004,cjpegli444,40,.74631101692710489034,0.482,53.40627785
SenkoFox.png,1024,1024,cjpegli420,40,.61529541015625000000,0.085,60.98869477
Laputa_Castle_In_The_Sky_BD_JP_2014_Remux.png,1920,1080,cjpegli420,40,.48891203703703703703,0.156,65.80043344
Nikon-D3500-Shotkit.png,3004,2004,cjpegli422,40,.58667618159154394274,0.337,34.97186438
konosuba-megumin1.png,1240,1754,cjpegli420,40,1.08921175561849413322,0.187,29.91153852
LOZLA_Wallpaper_A_[3840x2160].png,3840,2160,cjpegli422,40,.56777102623456790123,0.533,54.69286666
PXL_20240315_171208655.png,2252,3004,cjpegli422,40,.70396487336009063108,0.452,50.74031204
LOZLA_Wallpaper_A_[3840x2160].png,3840,2160,cjpegli420,40,.53823591820987654320,0.512,54.73298512
Nikon-D3500-Shotkit.png,3004,2004,cjpegli420,40,.50188570927386239505,0.329,32.95064185
GenshinImpact-Halloween.png,2000,1125,cjpegli444,45,.74870400000000000000,0.207,64.79344582
SenkoFox.png,1024,1024,cjpegli444,45,.76227569580078125000,0.098,65.55789974
Laputa_Castle_In_The_Sky_BD_JP_2014_Remux.png,1920,1080,cjpegli444,45,.61135030864197530864,0.198,70.27340167
PXL_20240315_171208655.png,2252,3004,cjpegli420,40,.61640488821299250496,0.436,49.64197665
GenshinImpact-Halloween.png,2000,1125,cjpegli440,45,.68924444444444444444,0.192,61.36211710
Laputa_Castle_In_The_Sky_BD_JP_2014_Remux.png,1920,1080,cjpegli440,45,.55565200617283950617,0.183,65.92287248
SenkoFox.png,1024,1024,cjpegli440,45,.69861602783203125000,0.132,62.36725145
konosuba-megumin1.png,1240,1754,cjpegli444,45,1.46281678743517122153,0.196,59.31559118
GenshinImpact-Halloween.png,2000,1125,cjpegli422,45,.69937066666666666666,0.187,60.68058734
konosuba-megumin1.png,1240,1754,cjpegli440,45,1.19864641188803472247,0.201,33.86782329
SenkoFox.png,1024,1024,cjpegli422,45,.71340179443359375000,0.099,62.26676524
Laputa_Castle_In_The_Sky_BD_JP_2014_Remux.png,1920,1080,cjpegli422,45,.56698688271604938271,0.122,67.10753042
Nikon-D3500-Shotkit.png,3004,2004,cjpegli444,45,.69458154264041823144,0.387,40.51544207
GenshinImpact-Halloween.png,2000,1125,cjpegli420,45,.63102577777777777777,0.193,61.09571230
Nikon-D3500-Shotkit.png,3004,2004,cjpegli440,45,.63704016733510342829,0.345,37.44907314
LOZLA_Wallpaper_A_[3840x2160].png,3840,2160,cjpegli440,45,.58791859567901234567,0.543,54.74600689
konosuba-megumin1.png,1240,1754,cjpegli422,45,1.21641225585757898995,0.180,43.49387135
Laputa_Castle_In_The_Sky_BD_JP_2014_Remux.png,1920,1080,cjpegli420,45,.51197530864197530864,0.138,67.56673213
PXL_20240315_171208655.png,2252,3004,cjpegli440,45,.74499128456315203174,0.448,53.14627060
LOZLA_Wallpaper_A_[3840x2160].png,3840,2160,cjpegli444,45,.71372685185185185185,0.628,62.32061772
SenkoFox.png,1024,1024,cjpegli420,45,.64548492431640625000,0.099,62.85589632
PXL_20240315_171208655.png,2252,3004,cjpegli444,45,.79514584461688737101,0.510,55.92301174
Nikon-D3500-Shotkit.png,3004,2004,cjpegli422,45,.63899365051521457750,0.344,37.37867898
konosuba-megumin1.png,1240,1754,cjpegli420,45,1.14679810203406039651,0.169,31.40423845
LOZLA_Wallpaper_A_[3840x2160].png,3840,2160,cjpegli422,45,.60147762345679012345,0.542,56.61414531
PXL_20240315_171208655.png,2252,3004,cjpegli422,45,.75003606795439118475,0.446,53.23189962
LOZLA_Wallpaper_A_[3840x2160].png,3840,2160,cjpegli420,45,.56701485339506172839,0.503,56.36771618
Nikon-D3500-Shotkit.png,3004,2004,cjpegli420,45,.53863378436203491817,0.320,34.96613332
GenshinImpact-Halloween.png,2000,1125,cjpegli444,50,.78608711111111111111,0.203,66.25331544
Laputa_Castle_In_The_Sky_BD_JP_2014_Remux.png,1920,1080,cjpegli444,50,.63905478395061728395,0.172,71.69816059
SenkoFox.png,1024,1024,cjpegli444,50,.79801177978515625000,0.097,66.95636279
PXL_20240315_171208655.png,2252,3004,cjpegli420,45,.65236404746306286703,0.425,51.40609026
GenshinImpact-Halloween.png,2000,1125,cjpegli440,50,.72305066666666666666,0.189,62.85771501
Laputa_Castle_In_The_Sky_BD_JP_2014_Remux.png,1920,1080,cjpegli440,50,.58067129629629629629,0.155,67.36582015
SenkoFox.png,1024,1024,cjpegli440,50,.73162078857421875000,0.092,63.84676261
konosuba-megumin1.png,1240,1754,cjpegli444,50,1.53982785890315224188,0.228,60.87881446
GenshinImpact-Halloween.png,2000,1125,cjpegli422,50,.73389155555555555555,0.183,62.30653967
konosuba-megumin1.png,1240,1754,cjpegli440,50,1.26226505315040276602,0.191,34.73910012
SenkoFox.png,1024,1024,cjpegli422,50,.74613189697265625000,0.094,63.63595021
Laputa_Castle_In_The_Sky_BD_JP_2014_Remux.png,1920,1080,cjpegli422,50,.59239969135802469135,0.162,68.63985978
GenshinImpact-Halloween.png,2000,1125,cjpegli420,50,.66239644444444444444,0.196,62.42227819
konosuba-megumin1.png,1240,1754,cjpegli422,50,1.27986905506308161989,0.165,45.22717842
LOZLA_Wallpaper_A_[3840x2160].png,3840,2160,cjpegli440,50,.61736979166666666666,0.544,56.33244309
Laputa_Castle_In_The_Sky_BD_JP_2014_Remux.png,1920,1080,cjpegli420,50,.53381944444444444444,0.136,68.72205401
Nikon-D3500-Shotkit.png,3004,2004,cjpegli444,50,.75618802342053575937,0.396,42.26026576
LOZLA_Wallpaper_A_[3840x2160].png,3840,2160,cjpegli444,50,.75056712962962962962,0.611,64.08923692
PXL_20240315_171208655.png,2252,3004,cjpegli440,50,.78610047467793090562,0.461,54.55848821
Nikon-D3500-Shotkit.png,3004,2004,cjpegli440,50,.69023338143951776872,0.415,39.05517203
PXL_20240315_171208655.png,2252,3004,cjpegli444,50,.84016929470002104949,0.547,57.33682556
SenkoFox.png,1024,1024,cjpegli420,50,.67547607421875000000,0.093,63.97072729
PXL_20240315_171208655.png,2252,3004,cjpegli422,50,.79167386054828020898,0.454,54.72168432
LOZLA_Wallpaper_A_[3840x2160].png,3840,2160,cjpegli422,50,.63103491512345679012,0.551,58.12784994
Nikon-D3500-Shotkit.png,3004,2004,cjpegli422,50,.69222008712269203271,0.350,39.12374953
konosuba-megumin1.png,1240,1754,cjpegli420,50,1.20745944753006951851,0.180,32.39652540
Nikon-D3500-Shotkit.png,3004,2004,cjpegli420,50,.58267353442249987375,0.335,36.89400578
LOZLA_Wallpaper_A_[3840x2160].png,3840,2160,cjpegli420,50,.59536265432098765432,0.530,57.75119938
SenkoFox.png,1024,1024,cjpegli444,55,.84159851074218750000,0.109,68.94632172
GenshinImpact-Halloween.png,2000,1125,cjpegli444,55,.82980266666666666666,0.231,67.95136630
PXL_20240315_171208655.png,2252,3004,cjpegli420,50,.69065993713532932998,0.449,53.40733787
GenshinImpact-Halloween.png,2000,1125,cjpegli440,55,.76224355555555555555,0.213,64.83304527
Laputa_Castle_In_The_Sky_BD_JP_2014_Remux.png,1920,1080,cjpegli444,55,.67111111111111111111,0.175,73.04373744
SenkoFox.png,1024,1024,cjpegli440,55,.77072143554687500000,0.091,65.83778023
konosuba-megumin1.png,1240,1754,cjpegli444,55,1.63339831537131717364,0.241,62.78461680
Laputa_Castle_In_The_Sky_BD_JP_2014_Remux.png,1920,1080,cjpegli440,55,.60887345679012345679,0.165,68.69632767
GenshinImpact-Halloween.png,2000,1125,cjpegli422,55,.77354311111111111111,0.199,64.14687638
konosuba-megumin1.png,1240,1754,cjpegli440,55,1.33822415124875859785,0.185,36.42238558
SenkoFox.png,1024,1024,cjpegli422,55,.78509521484375000000,0.093,65.67224849
Laputa_Castle_In_The_Sky_BD_JP_2014_Remux.png,1920,1080,cjpegli422,55,.62030478395061728395,0.146,70.19014585
LOZLA_Wallpaper_A_[3840x2160].png,3840,2160,cjpegli440,55,.65243923611111111111,0.551,58.11504849
GenshinImpact-Halloween.png,2000,1125,cjpegli420,55,.70993066666666666666,0.174,64.56218987
konosuba-megumin1.png,1240,1754,cjpegli422,55,1.35581344024717695957,0.178,47.03285678
Laputa_Castle_In_The_Sky_BD_JP_2014_Remux.png,1920,1080,cjpegli420,55,.57165895061728395061,0.132,70.64086444
LOZLA_Wallpaper_A_[3840x2160].png,3840,2160,cjpegli444,55,.79518229166666666666,0.624,65.75223803
PXL_20240315_171208655.png,2252,3004,cjpegli440,55,.83541187238802969634,0.450,56.67142598
PXL_20240315_171208655.png,2252,3004,cjpegli444,55,.89523855699801094100,0.501,59.38470194
SenkoFox.png,1024,1024,cjpegli420,55,.72149658203125000000,0.091,66.14212752
Nikon-D3500-Shotkit.png,3004,2004,cjpegli440,55,.76094415695905127162,0.368,41.34834151
Nikon-D3500-Shotkit.png,3004,2004,cjpegli444,55,.83935325088836973190,0.397,44.51306420
LOZLA_Wallpaper_A_[3840x2160].png,3840,2160,cjpegli422,55,.66642554012345679012,0.554,60.00025907
Nikon-D3500-Shotkit.png,3004,2004,cjpegli420,55,.65275574018407924497,0.322,39.38979379
konosuba-megumin1.png,1240,1754,cjpegli420,55,1.28792069739213594732,0.169,33.50011866
PXL_20240315_171208655.png,2252,3004,cjpegli422,55,.84140506559637475668,0.469,56.82356603
Nikon-D3500-Shotkit.png,3004,2004,cjpegli422,55,.76289764013916242083,0.360,41.40622461
LOZLA_Wallpaper_A_[3840x2160].png,3840,2160,cjpegli420,55,.63692804783950617283,0.512,59.26293403
SenkoFox.png,1024,1024,cjpegli444,60,.90660858154296875000,0.097,71.15561827
GenshinImpact-Halloween.png,2000,1125,cjpegli444,60,.89411555555555555555,0.227,70.15420108
PXL_20240315_171208655.png,2252,3004,cjpegli420,55,.74774427465569885504,0.419,55.46822412
GenshinImpact-Halloween.png,2000,1125,cjpegli440,60,.82200533333333333333,0.197,67.09243487
Laputa_Castle_In_The_Sky_BD_JP_2014_Remux.png,1920,1080,cjpegli444,60,.72170138888888888888,0.214,74.63884050
konosuba-megumin1.png,1240,1754,cjpegli444,60,1.75439732224960459042,0.209,64.75552778
SenkoFox.png,1024,1024,cjpegli440,60,.83154296875000000000,0.088,68.18223606
Laputa_Castle_In_The_Sky_BD_JP_2014_Remux.png,1920,1080,cjpegli440,60,.65629629629629629629,0.153,70.38095113
GenshinImpact-Halloween.png,2000,1125,cjpegli422,60,.83388444444444444444,0.231,66.36009775
konosuba-megumin1.png,1240,1754,cjpegli440,60,1.43941221907529333872,0.193,38.02963221
SenkoFox.png,1024,1024,cjpegli422,60,.84572601318359375000,0.092,68.01418728
Laputa_Castle_In_The_Sky_BD_JP_2014_Remux.png,1920,1080,cjpegli422,60,.66769675925925925925,0.187,72.08263129
GenshinImpact-Halloween.png,2000,1125,cjpegli420,60,.75474133333333333333,0.218,66.07909583
LOZLA_Wallpaper_A_[3840x2160].png,3840,2160,cjpegli440,60,.70427083333333333333,0.554,60.31355322
konosuba-megumin1.png,1240,1754,cjpegli422,60,1.45852061647110751462,0.227,49.25151102
SenkoFox.png,1024,1024,cjpegli420,60,.76564788818359375000,0.081,67.70063230
PXL_20240315_171208655.png,2252,3004,cjpegli444,60,.97706196356308817373,0.525,61.61507135
Laputa_Castle_In_The_Sky_BD_JP_2014_Remux.png,1920,1080,cjpegli420,60,.60359567901234567901,0.150,71.94300163
PXL_20240315_171208655.png,2252,3004,cjpegli440,60,.91091924798906372320,0.462,58.78319518
LOZLA_Wallpaper_A_[3840x2160].png,3840,2160,cjpegli444,60,.85647183641975308641,0.677,68.29686683
Nikon-D3500-Shotkit.png,3004,2004,cjpegli440,60,.87604949887176379597,0.378,44.00454662
Nikon-D3500-Shotkit.png,3004,2004,cjpegli444,60,.97135821565922748378,0.410,47.40502302
LOZLA_Wallpaper_A_[3840x2160].png,3840,2160,cjpegli422,60,.71813560956790123456,0.537,62.35872655
PXL_20240315_171208655.png,2252,3004,cjpegli422,60,.91743986112063725571,0.483,58.97468673
LOZLA_Wallpaper_A_[3840x2160].png,3840,2160,cjpegli420,60,.67754436728395061728,0.507,60.70467342
konosuba-megumin1.png,1240,1754,cjpegli420,60,1.37313789678890646264,0.200,34.76209116
Nikon-D3500-Shotkit.png,3004,2004,cjpegli420,60,.73438343021015226537,0.339,41.63744549
Nikon-D3500-Shotkit.png,3004,2004,cjpegli422,60,.87786078973876481391,0.365,44.05995580
SenkoFox.png,1024,1024,cjpegli444,65,.96972656250000000000,0.108,72.69375959
GenshinImpact-Halloween.png,2000,1125,cjpegli444,65,.95741866666666666666,0.213,71.80804965
PXL_20240315_171208655.png,2252,3004,cjpegli420,60,.80563275017560954842,0.435,56.91007793
Laputa_Castle_In_The_Sky_BD_JP_2014_Remux.png,1920,1080,cjpegli444,65,.76917438271604938271,0.178,76.52600224
GenshinImpact-Halloween.png,2000,1125,cjpegli440,65,.87879822222222222222,0.194,68.71431149
SenkoFox.png,1024,1024,cjpegli440,65,.88841247558593750000,0.132,69.74208338
konosuba-megumin1.png,1240,1754,cjpegli444,65,1.88665906499429874572,0.222,66.86812053
Laputa_Castle_In_The_Sky_BD_JP_2014_Remux.png,1920,1080,cjpegli440,65,.69908564814814814814,0.152,72.32388759
GenshinImpact-Halloween.png,2000,1125,cjpegli422,65,.89092977777777777777,0.200,68.17797581
konosuba-megumin1.png,1240,1754,cjpegli440,65,1.54579762386434693051,0.193,39.86263002
Laputa_Castle_In_The_Sky_BD_JP_2014_Remux.png,1920,1080,cjpegli422,65,.71017361111111111111,0.193,73.81915801
SenkoFox.png,1024,1024,cjpegli422,65,.90292358398437500000,0.097,69.64427096
GenshinImpact-Halloween.png,2000,1125,cjpegli420,65,.81687822222222222222,0.198,68.44350533
LOZLA_Wallpaper_A_[3840x2160].png,3840,2160,cjpegli440,65,.75547260802469135802,0.555,62.11168905
konosuba-megumin1.png,1240,1754,cjpegli422,65,1.56532166108802000956,0.187,51.14329202
Laputa_Castle_In_The_Sky_BD_JP_2014_Remux.png,1920,1080,cjpegli420,65,.64984953703703703703,0.130,74.09687346
SenkoFox.png,1024,1024,cjpegli420,65,.82568359375000000000,0.116,70.03990822
PXL_20240315_171208655.png,2252,3004,cjpegli444,65,1.06020510249211826504,0.515,63.66787832
PXL_20240315_171208655.png,2252,3004,cjpegli440,65,.98392078767682166820,0.488,61.01774524
Nikon-D3500-Shotkit.png,3004,2004,cjpegli440,65,1.00075880196996154163,0.387,47.40128866
Nikon-D3500-Shotkit.png,3004,2004,cjpegli444,65,1.12684484559509476386,0.428,51.00599986
LOZLA_Wallpaper_A_[3840x2160].png,3840,2160,cjpegli444,65,.92085069444444444444,0.637,69.84278240
LOZLA_Wallpaper_A_[3840x2160].png,3840,2160,cjpegli422,65,.76874421296296296296,0.553,64.01305456
LOZLA_Wallpaper_A_[3840x2160].png,3840,2160,cjpegli420,65,.73273630401234567901,0.558,62.48655654
PXL_20240315_171208655.png,2252,3004,cjpegli422,65,.99102676596982590412,0.491,61.11466261
Nikon-D3500-Shotkit.png,3004,2004,cjpegli422,65,1.00291029126832885493,0.409,47.57890143
konosuba-megumin1.png,1240,1754,cjpegli420,65,1.48414315665575458859,0.172,36.04977199
SenkoFox.png,1024,1024,cjpegli444,70,1.06462860107421875000,0.100,74.51961426
Nikon-D3500-Shotkit.png,3004,2004,cjpegli420,65,.85770004597994423935,0.341,45.09316327
GenshinImpact-Halloween.png,2000,1125,cjpegli444,70,1.05191822222222222222,0.243,73.79504201
PXL_20240315_171208655.png,2252,3004,cjpegli420,65,.88409060270143065610,0.424,59.95135367
Laputa_Castle_In_The_Sky_BD_JP_2014_Remux.png,1920,1080,cjpegli444,70,.84333333333333333333,0.144,78.33968658
GenshinImpact-Halloween.png,2000,1125,cjpegli440,70,.96603733333333333333,0.203,70.64512501
SenkoFox.png,1024,1024,cjpegli440,70,.97679901123046875000,0.102,71.74033406
konosuba-megumin1.png,1240,1754,cjpegli444,70,2.06380990914775444146,0.242,68.82539405
Laputa_Castle_In_The_Sky_BD_JP_2014_Remux.png,1920,1080,cjpegli440,70,.76741898148148148148,0.153,74.41758486
konosuba-megumin1.png,1240,1754,cjpegli440,70,1.69457461286644352080,0.186,41.36437376
GenshinImpact-Halloween.png,2000,1125,cjpegli422,70,.97840711111111111111,0.191,70.19609008
SenkoFox.png,1024,1024,cjpegli422,70,.99158477783203125000,0.091,71.81044441
Laputa_Castle_In_The_Sky_BD_JP_2014_Remux.png,1920,1080,cjpegli422,70,.77844521604938271604,0.155,75.96393465
GenshinImpact-Halloween.png,2000,1125,cjpegli420,70,.89273955555555555555,0.185,70.35192180
konosuba-megumin1.png,1240,1754,cjpegli422,70,1.71483061757457608415,0.230,53.18593902
LOZLA_Wallpaper_A_[3840x2160].png,3840,2160,cjpegli440,70,.83108314043209876543,0.621,64.07040700
PXL_20240315_171208655.png,2252,3004,cjpegli444,70,1.18505816992381975010,0.527,66.16691685
SenkoFox.png,1024,1024,cjpegli420,70,.90168762207031250000,0.086,72.23512152
PXL_20240315_171208655.png,2252,3004,cjpegli440,70,1.09701451942111524480,0.486,63.35814574
Laputa_Castle_In_The_Sky_BD_JP_2014_Remux.png,1920,1080,cjpegli420,70,.70704089506172839506,0.145,75.93709878
Nikon-D3500-Shotkit.png,3004,2004,cjpegli440,70,1.19396094628319924731,0.407,50.97151273
Nikon-D3500-Shotkit.png,3004,2004,cjpegli444,70,1.35234590738629266101,0.439,54.93110667
LOZLA_Wallpaper_A_[3840x2160].png,3840,2160,cjpegli444,70,1.01090760030864197530,0.665,71.67083287
PXL_20240315_171208655.png,2252,3004,cjpegli422,70,1.10492463571366064903,0.478,63.43945661
LOZLA_Wallpaper_A_[3840x2160].png,3840,2160,cjpegli422,70,.84402102623456790123,0.559,65.98980145
LOZLA_Wallpaper_A_[3840x2160].png,3840,2160,cjpegli420,70,.79987943672839506172,0.528,64.08572730
Nikon-D3500-Shotkit.png,3004,2004,cjpegli422,70,1.19641675370962469202,0.410,51.05710174
konosuba-megumin1.png,1240,1754,cjpegli420,70,1.62038842093647699268,0.183,37.20664080
SenkoFox.png,1024,1024,cjpegli444,75,1.17194366455078125000,0.105,76.60241012
GenshinImpact-Halloween.png,2000,1125,cjpegli444,75,1.15741511111111111111,0.215,75.64925131
Nikon-D3500-Shotkit.png,3004,2004,cjpegli420,70,1.03311087545282271675,0.452,48.88570230
PXL_20240315_171208655.png,2252,3004,cjpegli420,70,.98450378772648901523,0.435,62.21887783
GenshinImpact-Halloween.png,2000,1125,cjpegli440,75,1.06276266666666666666,0.243,72.82505241
Laputa_Castle_In_The_Sky_BD_JP_2014_Remux.png,1920,1080,cjpegli444,75,.92850694444444444444,0.186,80.19825282
SenkoFox.png,1024,1024,cjpegli440,75,1.07825469970703125000,0.096,74.04277668
konosuba-megumin1.png,1240,1754,cjpegli444,75,2.26346415566263287600,0.220,71.09109060
Laputa_Castle_In_The_Sky_BD_JP_2014_Remux.png,1920,1080,cjpegli440,75,.84584104938271604938,0.155,76.57832530
konosuba-megumin1.png,1240,1754,cjpegli440,75,1.86156251149446426600,0.192,42.84939723
GenshinImpact-Halloween.png,2000,1125,cjpegli422,75,1.07527822222222222222,0.196,72.14310736
SenkoFox.png,1024,1024,cjpegli422,75,1.09433746337890625000,0.093,74.20697301
Laputa_Castle_In_The_Sky_BD_JP_2014_Remux.png,1920,1080,cjpegli422,75,.85651234567901234567,0.127,77.94796850
GenshinImpact-Halloween.png,2000,1125,cjpegli420,75,.98696177777777777777,0.234,72.75972864
LOZLA_Wallpaper_A_[3840x2160].png,3840,2160,cjpegli440,75,.91590663580246913580,0.640,65.88982989
konosuba-megumin1.png,1240,1754,cjpegli422,75,1.88185529848824805973,0.194,54.99720383
PXL_20240315_171208655.png,2252,3004,cjpegli440,75,1.22727541489973108679,0.477,65.97879469
Laputa_Castle_In_The_Sky_BD_JP_2014_Remux.png,1920,1080,cjpegli420,75,.77755015432098765432,0.135,77.97014066
LOZLA_Wallpaper_A_[3840x2160].png,3840,2160,cjpegli444,75,1.11087094907407407407,0.643,73.54302938
PXL_20240315_171208655.png,2252,3004,cjpegli444,75,1.32900596717697894814,0.532,68.80986725
Nikon-D3500-Shotkit.png,3004,2004,cjpegli440,75,1.42331448952959593462,0.431,55.19910383
SenkoFox.png,1024,1024,cjpegli420,75,.99639129638671875000,0.095,74.22529026
Nikon-D3500-Shotkit.png,3004,2004,cjpegli444,75,1.61299239071789842419,0.470,59.36863762
PXL_20240315_171208655.png,2252,3004,cjpegli422,75,1.23555685373912344227,0.506,65.96077265
LOZLA_Wallpaper_A_[3840x2160].png,3840,2160,cjpegli422,75,.92836419753086419753,0.545,67.83833654
konosuba-megumin1.png,1240,1754,cjpegli420,75,1.79156950012873799977,0.179,38.28834311
Nikon-D3500-Shotkit.png,3004,2004,cjpegli422,75,1.42625135880037528139,0.417,55.29808362
SenkoFox.png,1024,1024,cjpegli444,80,1.32472991943359375000,0.105,78.69561923
GenshinImpact-Halloween.png,2000,1125,cjpegli444,80,1.31182222222222222222,0.224,77.93006731
LOZLA_Wallpaper_A_[3840x2160].png,3840,2160,cjpegli420,75,.88498649691358024691,0.554,65.72477028
PXL_20240315_171208655.png,2252,3004,cjpegli420,75,1.11615063869843169438,0.516,65.14724290
Nikon-D3500-Shotkit.png,3004,2004,cjpegli420,75,1.27576803782581308753,0.367,53.56998159
GenshinImpact-Halloween.png,2000,1125,cjpegli440,80,1.20356266666666666666,0.225,75.23798473
Laputa_Castle_In_The_Sky_BD_JP_2014_Remux.png,1920,1080,cjpegli444,80,1.04087577160493827160,0.177,82.28619903
konosuba-megumin1.png,1240,1754,cjpegli444,80,2.54591532717843086769,0.228,73.85232956
SenkoFox.png,1024,1024,cjpegli440,80,1.21958923339843750000,0.095,76.42980424
Laputa_Castle_In_The_Sky_BD_JP_2014_Remux.png,1920,1080,cjpegli440,80,.94771604938271604938,0.180,78.98585582
GenshinImpact-Halloween.png,2000,1125,cjpegli422,80,1.21651911111111111111,0.214,74.62032666
konosuba-megumin1.png,1240,1754,cjpegli440,80,2.09365873395372788465,0.201,44.84953972
SenkoFox.png,1024,1024,cjpegli422,80,1.23728942871093750000,0.127,76.32921105
Laputa_Castle_In_The_Sky_BD_JP_2014_Remux.png,1920,1080,cjpegli422,80,.95898533950617283950,0.146,80.08604207
GenshinImpact-Halloween.png,2000,1125,cjpegli420,80,1.11383111111111111111,0.192,75.04294856
LOZLA_Wallpaper_A_[3840x2160].png,3840,2160,cjpegli440,80,1.04039737654320987654,0.668,68.12629760
konosuba-megumin1.png,1240,1754,cjpegli422,80,2.11547798580203773862,0.247,57.24733589
LOZLA_Wallpaper_A_[3840x2160].png,3840,2160,cjpegli444,80,1.26021604938271604938,0.666,76.12248256
Laputa_Castle_In_The_Sky_BD_JP_2014_Remux.png,1920,1080,cjpegli420,80,.87526234567901234567,0.152,80.32402438
SenkoFox.png,1024,1024,cjpegli420,80,1.12598419189453125000,0.124,76.81753575
Nikon-D3500-Shotkit.png,3004,2004,cjpegli440,80,1.76032090280158723830,0.436,59.93603274
Nikon-D3500-Shotkit.png,3004,2004,cjpegli444,80,2.00896608912667341747,0.501,64.70307620
PXL_20240315_171208655.png,2252,3004,cjpegli440,80,1.41620645533604690489,0.505,68.85675604
PXL_20240315_171208655.png,2252,3004,cjpegli444,80,1.54315855945772717489,0.597,71.80939162
LOZLA_Wallpaper_A_[3840x2160].png,3840,2160,cjpegli422,80,1.05265046296296296296,0.604,70.37706367
konosuba-megumin1.png,1240,1754,cjpegli420,80,2.00638908301761871482,0.206,39.33429340
Nikon-D3500-Shotkit.png,3004,2004,cjpegli422,80,1.76333484827947301136,0.480,60.07995632
LOZLA_Wallpaper_A_[3840x2160].png,3840,2160,cjpegli420,80,.99768711419753086419,0.581,67.52755402
PXL_20240315_171208655.png,2252,3004,cjpegli422,80,1.42582536487761729180,0.508,68.89622498
GenshinImpact-Halloween.png,2000,1125,cjpegli444,85,1.54771911111111111111,0.227,80.50491540
SenkoFox.png,1024,1024,cjpegli444,85,1.55834197998046875000,0.110,81.58161777
Laputa_Castle_In_The_Sky_BD_JP_2014_Remux.png,1920,1080,cjpegli444,85,1.21759259259259259259,0.169,84.82208379
Nikon-D3500-Shotkit.png,3004,2004,cjpegli420,80,1.59829475536277644444,0.395,58.75348260
PXL_20240315_171208655.png,2252,3004,cjpegli420,80,1.29123158464853256640,0.463,68.16352373
GenshinImpact-Halloween.png,2000,1125,cjpegli440,85,1.42013155555555555555,0.197,78.03608822
SenkoFox.png,1024,1024,cjpegli440,85,1.43693542480468750000,0.128,79.27009448
Laputa_Castle_In_The_Sky_BD_JP_2014_Remux.png,1920,1080,cjpegli440,85,1.10932870370370370370,0.151,81.64451868
konosuba-megumin1.png,1240,1754,cjpegli444,85,2.96369588406223562732,0.246,77.11536695
GenshinImpact-Halloween.png,2000,1125,cjpegli422,85,1.43446755555555555555,0.198,77.38241632
konosuba-megumin1.png,1240,1754,cjpegli440,85,2.42976422554897561334,0.244,46.68796054
SenkoFox.png,1024,1024,cjpegli422,85,1.45506286621093750000,0.128,79.29111338
Laputa_Castle_In_The_Sky_BD_JP_2014_Remux.png,1920,1080,cjpegli422,85,1.12092592592592592592,0.179,82.77277949
GenshinImpact-Halloween.png,2000,1125,cjpegli420,85,1.31442133333333333333,0.196,77.91127384
konosuba-megumin1.png,1240,1754,cjpegli422,85,2.45366167653657998308,0.200,59.50729833
Laputa_Castle_In_The_Sky_BD_JP_2014_Remux.png,1920,1080,cjpegli420,85,1.02590663580246913580,0.155,82.82612862
LOZLA_Wallpaper_A_[3840x2160].png,3840,2160,cjpegli444,85,1.49090567129629629629,0.700,79.05170075
SenkoFox.png,1024,1024,cjpegli420,85,1.32530975341796875000,0.104,79.68537528
LOZLA_Wallpaper_A_[3840x2160].png,3840,2160,cjpegli440,85,1.23232638888888888888,0.596,70.67817557
PXL_20240315_171208655.png,2252,3004,cjpegli440,85,1.70974757162149697383,0.517,72.79656981
Nikon-D3500-Shotkit.png,3004,2004,cjpegli440,85,2.25112890065408464030,0.459,65.85218510
PXL_20240315_171208655.png,2252,3004,cjpegli444,85,1.87856451906634848029,0.579,75.82157119
Nikon-D3500-Shotkit.png,3004,2004,cjpegli444,85,2.59883428881252142851,0.544,70.86603439
konosuba-megumin1.png,1240,1754,cjpegli420,85,2.32300364144627947180,0.206,40.43605885
LOZLA_Wallpaper_A_[3840x2160].png,3840,2160,cjpegli422,85,1.24431520061728395061,0.584,73.02663930
Nikon-D3500-Shotkit.png,3004,2004,cjpegli422,85,2.25421062003821916752,0.455,65.92176534
PXL_20240315_171208655.png,2252,3004,cjpegli422,85,1.71990336153334925841,0.499,72.87584624
LOZLA_Wallpaper_A_[3840x2160].png,3840,2160,cjpegli420,85,1.17251639660493827160,0.546,69.68021333
GenshinImpact-Halloween.png,2000,1125,cjpegli444,90,1.98910577777777777777,0.269,84.12021644
SenkoFox.png,1024,1024,cjpegli444,90,1.98436737060546875000,0.147,84.73026488
Laputa_Castle_In_The_Sky_BD_JP_2014_Remux.png,1920,1080,cjpegli444,90,1.52833333333333333333,0.176,87.68193514
Nikon-D3500-Shotkit.png,3004,2004,cjpegli420,85,2.09232267821215093116,0.415,65.02630273
PXL_20240315_171208655.png,2252,3004,cjpegli420,85,1.57378084401378387135,0.491,72.13732552
GenshinImpact-Halloween.png,2000,1125,cjpegli440,90,1.81864888888888888888,0.208,81.59141051
SenkoFox.png,1024,1024,cjpegli440,90,1.82942962646484375000,0.106,83.03344101
Laputa_Castle_In_The_Sky_BD_JP_2014_Remux.png,1920,1080,cjpegli440,90,1.39464120370370370370,0.164,85.03501744
konosuba-megumin1.png,1240,1754,cjpegli444,90,3.68017434803398683194,0.245,81.08795223
GenshinImpact-Halloween.png,2000,1125,cjpegli422,90,1.83438222222222222222,0.207,81.23787857
Laputa_Castle_In_The_Sky_BD_JP_2014_Remux.png,1920,1080,cjpegli422,90,1.40422453703703703703,0.180,85.98830634
SenkoFox.png,1024,1024,cjpegli422,90,1.84818267822265625000,0.103,83.07899783
konosuba-megumin1.png,1240,1754,cjpegli440,90,2.98810460882039209916,0.217,48.92408940
Nikon-D3500-Shotkit.png,3004,2004,cjpegli444,90,3.68135898642129854804,0.598,78.84625933
GenshinImpact-Halloween.png,2000,1125,cjpegli420,90,1.69720533333333333333,0.194,81.52944204
Nikon-D3500-Shotkit.png,3004,2004,cjpegli440,90,3.10028544774631828221,0.514,73.55144540
konosuba-megumin1.png,1240,1754,cjpegli422,90,3.01650788980027218891,0.212,62.11770467
SenkoFox.png,1024,1024,cjpegli420,90,1.70497131347656250000,0.139,83.31193922
Laputa_Castle_In_The_Sky_BD_JP_2014_Remux.png,1920,1080,cjpegli420,90,1.31458719135802469135,0.148,86.14158624
LOZLA_Wallpaper_A_[3840x2160].png,3840,2160,cjpegli440,90,1.58151909722222222222,0.623,73.78104615
Nikon-D3500-Shotkit.png,3004,2004,cjpegli422,90,3.10317314771256421909,0.507,73.63399859
LOZLA_Wallpaper_A_[3840x2160].png,3840,2160,cjpegli444,90,1.92425925925925925925,0.698,82.59022836
PXL_20240315_171208655.png,2252,3004,cjpegli440,90,2.24726533952361918862,0.556,77.73726017
PXL_20240315_171208655.png,2252,3004,cjpegli444,90,2.53021785044452275592,0.633,81.05798748
SenkoFox.png,1024,1024,cjpegli444,95,2.93028259277343750000,0.093,89.00521687
Laputa_Castle_In_The_Sky_BD_JP_2014_Remux.png,1920,1080,cjpegli440,95,2.01609567901234567901,0.150,88.88150987
konosuba-megumin1.png,1240,1754,cjpegli420,90,2.85519549784823628940,0.136,41.44276975
GenshinImpact-Halloween.png,2000,1125,cjpegli440,95,2.73664355555555555555,0.196,86.32137000
Laputa_Castle_In_The_Sky_BD_JP_2014_Remux.png,1920,1080,cjpegli444,95,2.19993055555555555555,0.154,90.47263404
GenshinImpact-Halloween.png,2000,1125,cjpegli444,95,3.00459733333333333333,0.186,88.40212647
konosuba-megumin1.png,1240,1754,cjpegli444,95,5.08885496744767719866,0.228,85.78558230
SenkoFox.png,1024,1024,cjpegli440,95,2.69655609130859375000,0.106,87.75993956
LOZLA_Wallpaper_A_[3840x2160].png,3840,2160,cjpegli420,90,1.50468171296296296296,0.454,71.91861469
PXL_20240315_171208655.png,2252,3004,cjpegli420,90,2.12384552982051166827,0.396,77.48158387
GenshinImpact-Halloween.png,2000,1125,cjpegli422,95,2.75227022222222222222,0.232,86.20906777
Nikon-D3500-Shotkit.png,3004,2004,cjpegli420,90,2.94403470023999936212,0.388,73.19293028
konosuba-megumin1.png,1240,1754,cjpegli440,95,4.06798469856916908816,0.239,50.54051549
PXL_20240315_171208655.png,2252,3004,cjpegli422,90,2.25885556971994711610,0.444,77.82836577
LOZLA_Wallpaper_A_[3840x2160].png,3840,2160,cjpegli422,90,1.59344810956790123456,0.530,76.48278799
Laputa_Castle_In_The_Sky_BD_JP_2014_Remux.png,1920,1080,cjpegli422,95,2.02399305555555555555,0.175,89.46322072
SenkoFox.png,1024,1024,cjpegli422,95,2.71494293212890625000,0.113,87.65202334
LOZLA_Wallpaper_A_[3840x2160].png,3840,2160,cjpegli440,95,2.35590084876543209876,0.671,76.36286107
Nikon-D3500-Shotkit.png,3004,2004,cjpegli444,95,5.86073924056015797964,0.633,87.79539172
Nikon-D3500-Shotkit.png,3004,2004,cjpegli440,95,4.73947311767942145004,0.622,82.54160179
GenshinImpact-Halloween.png,2000,1125,cjpegli420,95,2.59109333333333333333,0.223,85.81608286
Laputa_Castle_In_The_Sky_BD_JP_2014_Remux.png,1920,1080,cjpegli420,95,1.94176697530864197530,0.167,89.44396349
konosuba-megumin1.png,1240,1754,cjpegli422,95,4.09857652554529738477,0.239,64.14154944
SenkoFox.png,1024,1024,cjpegli420,95,2.55794525146484375000,0.101,87.95750002
LOZLA_Wallpaper_A_[3840x2160].png,3840,2160,cjpegli444,95,2.90851948302469135802,0.682,86.68367441
PXL_20240315_171208655.png,2252,3004,cjpegli444,95,4.07030531227753167475,0.628,87.48184655
Nikon-D3500-Shotkit.png,3004,2004,cjpegli422,95,4.74252958796122801002,0.604,82.71942281
konosuba-megumin1.png,1240,1754,cjpegli420,95,3.86024202743958509581,0.216,42.26357307
LOZLA_Wallpaper_A_[3840x2160].png,3840,2160,cjpegli422,95,2.37054108796296296296,0.672,79.63641661
PXL_20240315_171208655.png,2252,3004,cjpegli440,95,3.46647217564265999389,0.657,83.85731602
Nikon-D3500-Shotkit.png,3004,2004,cjpegli420,95,4.47438279233809345357,0.576,81.44707898
SenkoFox.png,1024,1024,cjpegli444,100,7.76364898681640625000,0.176,94.10166095
LOZLA_Wallpaper_A_[3840x2160].png,3840,2160,cjpegli420,95,2.24023051697530864197,0.635,73.88665489
Laputa_Castle_In_The_Sky_BD_JP_2014_Remux.png,1920,1080,cjpegli444,100,5.58834104938271604938,0.293,93.49328560
GenshinImpact-Halloween.png,2000,1125,cjpegli444,100,8.20580977777777777777,0.375,93.83444245
PXL_20240315_171208655.png,2252,3004,cjpegli422,95,3.48329403305953222819,0.634,83.96611361
PXL_20240315_171208655.png,2252,3004,cjpegli420,95,3.35485782130634583137,0.658,83.47773844
Laputa_Castle_In_The_Sky_BD_JP_2014_Remux.png,1920,1080,cjpegli440,100,4.91893132716049382716,0.275,92.42508837
SenkoFox.png,1024,1024,cjpegli440,100,6.22695922851562500000,0.154,93.07040695
GenshinImpact-Halloween.png,2000,1125,cjpegli440,100,6.51731911111111111111,0.328,91.52263432
konosuba-megumin1.png,1240,1754,cjpegli444,100,11.54768455511825504836,0.361,93.84188351
Laputa_Castle_In_The_Sky_BD_JP_2014_Remux.png,1920,1080,cjpegli422,100,4.82031635802469135802,0.243,93.15009662
SenkoFox.png,1024,1024,cjpegli422,100,6.27871704101562500000,0.143,92.92696432
GenshinImpact-Halloween.png,2000,1125,cjpegli422,100,6.48750222222222222222,0.316,91.00907653
konosuba-megumin1.png,1240,1754,cjpegli440,100,8.36806929782616691801,0.288,51.68606096
GenshinImpact-Halloween.png,2000,1125,cjpegli420,100,5.65212088888888888888,0.305,89.55737154
konosuba-megumin1.png,1240,1754,cjpegli422,100,8.40420421524993563100,0.305,65.86412692
Nikon-D3500-Shotkit.png,3004,2004,cjpegli440,100,10.34862897374359137915,0.806,88.52568068
SenkoFox.png,1024,1024,cjpegli420,100,5.47978210449218750000,0.228,92.15995938
Laputa_Castle_In_The_Sky_BD_JP_2014_Remux.png,1920,1080,cjpegli420,100,4.39094907407407407407,0.222,92.16523947
Nikon-D3500-Shotkit.png,3004,2004,cjpegli444,100,14.88619963800760662430,1.065,95.23889744
Nikon-D3500-Shotkit.png,3004,2004,cjpegli422,100,10.34824890830854934604,0.777,88.84002255
konosuba-megumin1.png,1240,1754,cjpegli420,100,6.60731599661602972008,0.267,42.61399176
LOZLA_Wallpaper_A_[3840x2160].png,3840,2160,cjpegli440,100,6.17731481481481481481,1.005,77.71846823
Nikon-D3500-Shotkit.png,3004,2004,cjpegli420,100,8.09066421085924024122,0.657,85.23433573
PXL_20240315_171208655.png,2252,3004,cjpegli440,100,8.74249845676457440996,0.959,88.73020802
LOZLA_Wallpaper_A_[3840x2160].png,3840,2160,cjpegli444,100,8.91031057098765432098,1.271,91.07453324
LOZLA_Wallpaper_A_[3840x2160].png,3840,2160,cjpegli422,100,6.21465663580246913580,0.953,81.54460831
LOZLA_Wallpaper_A_[3840x2160].png,3840,2160,cjpegli420,100,4.86246913580246913580,0.828,74.72635079
PXL_20240315_171208655.png,2252,3004,cjpegli422,100,8.81175957219858424409,0.966,88.81218701
PXL_20240315_171208655.png,2252,3004,cjpegli444,100,12.12022454371081305447,1.231,93.25854691
PXL_20240315_171208655.png,2252,3004,cjpegli420,100,7.03045790928850342822,0.816,86.23878478
